date,player,team,game_id,opp_sp,slot,lu,hr_pct,hr_raw,hr_model,fair,book_price,ev_pct,park,temp,plat,heat,outcome,hr_n
2026-07-07,Jordan Walker,STL,,Robert Gasser,4,proj,25.0,,,+301,,,park -7%,87F · wind in 3,RvL +12%,heat +16%,hr,
2026-07-07,Jake Bauers,MIL,,Hunter Dobbins,3,proj,19.6,,,+409,,,park -7%,87F · wind in 3,LvR +8%,heat -4%,no,
2026-07-07,Kyle Schwarber,PHI,,Andrew Abbott,2,card,34.2,,,+192,165,-9.3,park +25%,82F,LvL -22%,heat +12%,hr,
2026-07-07,Hunter Goodman,COL,,Justin Wrobleski,2,proj,31.5,,,+218,285,21.2,park +5%,85F · wind out 5,RvL +12%,heat +18%,void,
2026-07-07,Bryce Harper,PHI,,Andrew Abbott,3,card,25.6,,,+290,280,-2.6,park +25%,82F,LvL -22%,heat +16%,no,
2026-07-07,James Wood,WSN,,Tatsuya Imai,1,card,24.9,,,+302,250,-12.9,park avg,82F,LvR +8%,heat +6%,hr,
2026-07-07,Shea Langeliers,ATH,,Tarik Skubal,3,card,23.0,,,+335,360,5.7,park -5%,83F,RvL +12%,heat +7%,no,
2026-07-07,JJ Bleday,CIN,,Zack Wheeler,3,card,22.9,,,+336,325,-2.6,park +25%,82F,LvR +8%,heat -10%,no,
2026-07-07,Ben Rice,NYM,,Seth Lugo,3,proj,22.6,,,+343,440,21.9,park -4%,69F · wind in 7,LvR +8%,heat +10%,void,
2026-07-07,Miguel Vargas,CHW,,Payton Tolle,1,card,22.6,,,+343,340,-0.6,park +9%,no wx,RvL +12%,heat +12%,no,
2026-07-07,Elly De La Cruz,CIN,,Zack Wheeler,1,card,22.4,,,+347,335,-2.6,park +25%,82F,SvR +8%,heat -1%,no,
2026-07-07,Zach Neto,LAA,,Jacob deGrom,1,card,22.2,,,+350,400,11.2,park +2%,98F (roof: half),RvR -3%,heat -6%,no,
2026-07-07,Willson Contreras,BOS,,Noah Schultz,4,card,22.2,,,+350,350,-0.0,park +9%,no wx,RvL +12%,heat +7%,no,
2026-07-07,Randal Grichuk,CHW,,Payton Tolle,2,card,22.0,,,+354,380,5.6,park +9%,no wx,RvL +12%,heat -0%,no,
2026-07-07,Sal Stewart,CIN,,Zack Wheeler,2,card,21.8,,,+359,350,-2.0,park +25%,82F,RvR -3%,heat -0%,no,
2026-07-07,Derek Hill,PHI,,Andrew Abbott,8,card,21.6,,,+362,,,park +25%,82F,RvL +12%,heat -2%,no,
2026-07-07,Ben Rice,NYY,,Ian Seymour,3,card,21.5,,,+365,440,16.2,park -4% [low-conf],dome,LvL -22%,heat +12%,hr,
2026-07-07,Pete Alonso,BAL,,Matthew Boyd,4,card,21.4,,,+366,330,-7.8,park +4% [low-conf],80F,RvL +12%,heat +11%,no,
2026-07-07,Paul Goldschmidt,NYY,,Ian Seymour,2,card,21.3,,,+369,400,6.6,park -4% [low-conf],dome,RvL +12%,heat +3%,no,
2026-07-07,CJ Abrams,WSN,,Tatsuya Imai,4,card,21.1,,,+375,410,7.4,park avg,82F,LvR +8%,heat -0%,no,
2026-07-07,Matt Olson,ATL,,Paul Skenes,3,card,21.0,,,+377,310,-14.1,park -9%,84F,LvR +8%,heat -5%,no,
2026-07-07,Brandon Lowe,PIT,,Hurston Waldrep *,2,card,20.9,,,+378,285,-19.5,park -9%,84F,LvR +8%,,no,
2026-07-07,Joc Pederson,TEX,,José Soriano,1,card,20.7,,,+383,390,1.4,park +2%,98F (roof: half),LvR +8%,heat -4%,no,
2026-07-07,Jonah Heim,ATH,,Tarik Skubal,4,card,20.5,,,+387,750,74.5,park -5%,83F,SvL +12%,heat +3%,no,
2026-07-07,Colson Montgomery,CHW,,Payton Tolle,3,card,20.5,,,+387,350,-7.6,park +9%,no wx,LvL -22%,heat +9%,no,
2026-07-07,Junior Caminero,TBR,,Will Warren,3,card,20.5,,,+387,285,-21.0,park -4% [low-conf],dome,RvR -3%,heat +2%,no,
2026-07-07,Curtis Mead,WSN,,Tatsuya Imai,3,card,20.3,,,+393,460,13.6,park avg,82F,RvR -3%,heat -3%,no,
2026-07-07,Edmundo Sosa,PHI,,Andrew Abbott,5,card,20.0,,,+401,460,11.9,park +25%,82F,RvL +12%,heat +3%,no,
2026-07-07,Spencer Steer,CIN,,Zack Wheeler,6,card,19.8,,,+405,,,park +25%,82F,RvR -3%,heat +3%,no,
2026-07-07,Zack Gelof,ATH,,Tarik Skubal,1,card,19.4,,,+415,575,31.2,park -5%,83F,RvL +12%,heat -2%,no,
2026-07-07,Brooks Lee,MIN,,Joey Cantillo,2,proj,18.6,,,+439,650,39.2,park -2%,83F,SvL +12%,heat +4%,no,
2026-07-07,Max Schuemann,NYY,,Ian Seymour,8,card,12.8,,,+679,900,28.4,park -4% [low-conf],dome,RvL +12%,,no,
2026-07-07,Ali Sánchez,NYY,,Ian Seymour,9,card,11.9,,,+738,1000,31.3,park -4% [low-conf],dome,RvL +12%,,no,
2026-07-07,Wade Meckler,LAA,,Jacob deGrom,8,card,11.9,,,+738,1000,31.3,park +2%,98F (roof: half),LvR +8%,,no,
2026-07-07,Jacob Young,WSN,,Tatsuya Imai,9,card,11.7,,,+754,1050,34.7,park avg,82F,RvR -3%,,no,
2026-07-07,Mauricio Dubón,ATL,,Paul Skenes,5,card,11.5,,,+767,1300,61.5,park -9%,84F,RvR -3%,,no,
2026-07-08,Kyle Schwarber,PHI,,Chase Burns,2,card,37.7,,,+166,210,16.8,park +25%,89F,LvR +8%,heat -2%,hr,
2026-07-08,Yordan Alvarez,HOU,,Foster Griffin,2,card,31.9,,,+213,230,5.4,park avg,83F · wind out 4,LvL -22%,heat +4%,no,
2026-07-08,Dillon Dingler,DET,,Jeffrey Springs,2,card,30.7,,,+226,350,38.1,park -5%,88F · wind out 3,RvL +12%,heat -2%,no,
2026-07-08,Juan Soto,NYM,,Steven Cruz,2,card,30.6,,,+227,235,2.5,park -4%,80F · wind out 7,LvR +8%,heat +13%,no,
2026-07-08,Bryce Harper,PHI,,Chase Burns,1,card,30.2,,,+231,330,29.8,park +25%,89F,LvR +8%,heat +3%,no,
2026-07-08,Esmerlyn Valdez,PIT,,Grant Holmes,4,card,27.1,,,+269,500,62.6,park -9%,86F · wind out 5,RvR -3%,,no,
2026-07-08,Mike Trout,LAA,,MacKenzie Gore,2,card,26.6,,,+276,,,park +2%,97F · wind out 6 (roof: half),RvL +12%,heat +2%,hr,
2026-07-08,James Wood,WSN,,Spencer Arrighetti,1,card,26.5,,,+278,255,-6.0,park avg,83F · wind out 4,LvR +8%,heat -4%,void,
2026-07-08,Elly De La Cruz,CIN,,Alan Rangel,1,card,26.3,,,+281,270,-2.8,park +25%,89F,SvR +8%,heat +10%,hr,
2026-07-08,Christian Walker,HOU,,Foster Griffin,4,card,26.1,,,+284,360,19.9,park avg,83F · wind out 4,RvL +12%,heat -0%,no,
2026-07-08,Shea Langeliers,ATH,,Troy Melton,3,card,25.6,,,+290,340,12.7,park -5%,88F · wind out 3,RvR -3%,heat +14%,no,
2026-07-08,Spencer Torkelson,DET,,Jeffrey Springs,4,card,25.4,,,+294,260,-8.5,park -5%,88F · wind out 3,RvL +12%,heat -2%,hr,
2026-07-08,Randal Grichuk,CHW,,Jake Bennett,2,card,24.9,,,+301,350,12.2,park +9%,83F · wind in 5,RvL +12%,heat -4%,void,
2026-07-08,Sal Stewart,CIN,,Alan Rangel,2,card,24.7,,,+304,360,13.8,park +25%,89F,RvR -3%,heat -0%,hr,
2026-07-08,Miguel Vargas,CHW,,Jake Bennett,1,card,24.7,,,+305,290,-3.6,park +9%,83F · wind in 5,RvL +12%,heat -1%,void,
2026-07-08,Samuel Basallo,BAL,,Colin Rea,5,card,24.4,,,+311,295,-3.8,park +4% [low-conf],83F · wind out 3,LvR +8%,heat +4%,no,
2026-07-08,Matt Olson,ATL,,Jared Jones,3,card,24.3,,,+312,275,-8.9,park -9%,86F · wind out 5,LvR +8%,heat -2%,no,
2026-07-08,Nick Kurtz,ATH,,Troy Melton,2,card,24.3,,,+311,215,-23.4,park -5%,88F · wind out 3,LvR +8%,heat +5%,no,
2026-07-08,Brandon Marsh,PHI,,Chase Burns,3,card,24.2,,,+314,380,16.0,park +25%,89F,LvR +8%,heat -7%,no,
2026-07-08,Brandon Lowe,PIT,,Grant Holmes,2,card,23.9,,,+318,325,1.8,park -9%,86F · wind out 5,LvR +8%,heat -3%,no,
2026-07-08,Zach Neto,LAA,,MacKenzie Gore,1,card,23.7,,,+322,380,13.7,park +2%,97F · wind out 6 (roof: half),RvL +12%,heat +12%,no,
2026-07-08,Michael Harris II,ATL,,Jared Jones,1,card,23.5,,,+326,440,26.8,park -9%,86F · wind out 5,LvR +8%,heat +2%,no,
2026-07-08,Pete Crow-Armstrong,CHC,,Dean Kremer,1,card,23.4,,,+328,270,-13.5,park +4% [low-conf],83F · wind out 3,LvR +8%,,hr,
2026-07-08,Pete Alonso,BAL,,Colin Rea,4,card,23.3,,,+330,240,-20.9,park +4% [low-conf],83F · wind out 3,RvR -3%,heat +4%,hr,
2026-07-08,Jordan Walker,STL,,Kyle Harrison,3,card,23.2,,,+331,410,18.4,park -7%,87F,RvL +12%,heat +10%,no,
2026-07-08,Junior Caminero,TBR,,Gerrit Cole,3,card,22.7,,,+340,250,-20.4,park -4% [low-conf],dome,RvR -3%,heat +8%,void,
2026-07-08,JJ Bleday,CIN,,Alan Rangel,3,card,22.5,,,+345,370,5.6,park +25%,89F,LvR +8%,heat -2%,hr,
2026-07-08,Kody Clemens,MIN,,Slade Cecconi,3,card,22.5,,,+344,300,-10.0,park -2%,79F,LvR +8%,heat +1%,no,
2026-07-08,Joc Pederson,TEX,,Walbert Ureña *,1,card,21.6,,,+363,525,34.9,park +2%,97F · wind out 6 (roof: half),LvR +8%,heat -6%,no,
2026-07-08,Cam Smith,HOU,,Foster Griffin,5,card,21.2,,,+372,550,37.8,park avg,83F · wind out 4,RvL +12%,heat -1%,no,
2026-07-08,Gabriel Rincones Jr.,PHI,,Chase Burns,6,card,19.6,,,+410,600,37.3,park +25%,89F,LvR +8%,,no,
2026-07-08,Jared Young,NYM,,Steven Cruz,7,card,19.0,,,+427,600,32.7,park -4%,80F · wind out 7,LvR +8%,heat +2%,no,
2026-07-08,A.J. Ewing,NYM,,Steven Cruz,1,card,16.3,,,+513,750,38.7,park -4%,80F · wind out 7,LvR +8%,,hr,
2026-07-08,Max Schuemann,NYY,,Shane McClanahan,7,card,14.5,,,+589,800,30.6,park -4% [low-conf],dome,RvL +12%,,no,
2026-07-08,Alan Roden,MIN,,Slade Cecconi,8,card,12.9,,,+676,1000,41.7,park -2%,79F,LvR +8%,,no,
2026-07-08,Luisangel Acuña,CHW,,Jake Bennett,9,card,11.5,,,+769,1150,43.9,park +9%,83F · wind in 5,RvL +12%,,void,
2026-07-08,Hunter Goodman,COL,,Roki Sasaki,2,proj,28.9,,,+246,225,-6.1,park +5%,no wx,RvR -3%,heat +6%,no,
2026-07-09,Juan Soto,NYM,,Michael Wacha,2,card,28.5,,,+250,,,park -4%,80F · wind out 9,LvR +8%,heat +12%,hr,
2026-07-09,Randal Grichuk,CHW,,Patrick Sandoval *,2,card,27.5,,,+263,600,92.6,park +9%,84F,RvL +12%,,void,
2026-07-09,Ben Rice,NYY,,Drew Rasmussen,2,card,26.2,,,+281,,,park -4% [low-conf],dome,LvR +8%,heat +11%,hr,
2026-07-09,Miguel Vargas,CHW,,Patrick Sandoval *,3,card,26.1,,,+283,575,76.2,park +9%,84F,RvL +12%,,void,
2026-07-09,Pete Alonso,BAL,,David Peterson,4,card,25.0,,,+299,,,park +4% [low-conf],83F · wind out 3,RvL +12%,heat +9%,no,
2026-07-09,Matt Olson,ATL,,Mitch Keller,3,card,24.9,,,+302,,,park -9%,87F · wind out 4,LvR +8%,heat +6%,hr,
2026-07-09,Esmerlyn Valdez,PIT,,Bryce Elder,4,card,24.2,,,+313,,,park -9%,87F · wind out 4,RvR -3%,heat +1%,hr,
2026-07-09,Michael Harris II,ATL,,Mitch Keller,1,card,23.8,,,+320,1900,376.3,park -9%,87F · wind out 4,LvR +8%,heat +8%,no,
2026-07-09,Kody Clemens,MIN,,Gavin Williams,3,card,22.8,,,+340,700,82.0,park -2%,84F,LvR +8%,heat +5%,no,
2026-07-09,Brandon Lowe,PIT,,Bryce Elder,2,card,22.7,,,+340,575,53.5,park -9%,87F · wind out 4,LvR +8%,heat +4%,no,
2026-07-09,Drake Baldwin,ATL,,Mitch Keller,4,card,22.1,,,+353,2400,451.4,park -9%,87F · wind out 4,LvR +8%,heat +1%,no,
2026-07-09,Colson Montgomery,CHW,,Patrick Sandoval *,4,card,21.8,,,+359,335,-5.2,park +9%,84F,LvL -22%,,void,
2026-07-09,Francisco Alvarez,NYM,,Michael Wacha,5,card,19.5,,,+412,,,park -4%,80F · wind out 9,RvR -3%,heat -3%,no,
2026-07-09,Pete Crow-Armstrong,CHC,,Trevor Rogers,1,card,19.2,,,+420,,,park +4% [low-conf],83F · wind out 3,LvL -22%,heat +5%,no,
2026-07-09,Ozzie Albies,ATL,,Mitch Keller,2,card,13.9,,,+617,2400,248.5,park -9%,87F · wind out 4,SvR +8%,,no,
2026-07-09,Trevor Larnach,MIN,,Gavin Williams,1,card,13.2,,,+656,2200,204.2,park -2%,84F,LvR +8%,,no,
2026-07-09,Dominic Smith,ATL,,Mitch Keller,6,card,12.8,,,+684,2200,193.3,park -9%,87F · wind out 4,LvR +8%,,no,
2026-07-09,Cody Bellinger,NYY,,Drew Rasmussen,4,card,12.5,,,+699,2200,187.7,park -4% [low-conf],dome,LvR +8%,,no,
2026-07-09,Jasson Domínguez,NYY,,Drew Rasmussen,3,card,11.8,,,+749,2900,253.5,park -4% [low-conf],dome,SvR +8%,,no,
2026-07-09,Mauricio Dubón,ATL,,Mitch Keller,5,card,11.7,,,+755,2800,239.3,park -9%,87F · wind out 4,RvR -3%,,no,
2026-07-09,Brayan Rocchio,CLE,,Bailey Ober,2,card,10.4,,,+861,2800,201.9,park -2%,84F,SvR +8%,,no,
2026-07-09,José Caballero,NYY,,Drew Rasmussen,5,card,10.2,,,+880,3400,257.2,park -4% [low-conf],dome,RvR -3%,,no,
2026-07-09,Kyle Schwarber,PHI,,Brady Singer,2,card,42.7,,,+134,128,-2.6,park +25%,86F,LvR +8%,heat -4%,no,0
2026-07-09,Bryce Harper,PHI,,Brady Singer,3,card,33.8,,,+196,250,18.2,park +25%,86F,LvR +8%,heat +3%,no,0
2026-07-09,Brandon Marsh,PHI,,Brady Singer,4,card,27.5,,,+264,380,31.9,park +25%,86F,LvR +8%,heat -8%,no,0
2026-07-09,Sal Stewart,CIN,,Jesús Luzardo,2,card,25.9,,,+287,325,9.9,park +25%,86F,RvL +12%,heat +2%,no,0
2026-07-09,Elly De La Cruz,CIN,,Jesús Luzardo,1,card,24.7,,,+305,400,23.3,park +25%,86F,SvL +12%,heat +3%,no,0
2026-07-09,Gabriel Rincones Jr.,PHI,,Brady Singer,7,card,24.0,,,+317,375,13.8,park +25%,86F,LvR +8%,,no,0
2026-07-09,Shea Langeliers,ATH,,Framber Valdez,3,card,22.3,,,+349,420,15.9,park -5%,80F,RvL +12%,heat +7%,no,0
2026-07-09,Spencer Steer,CIN,,Jesús Luzardo,4,card,21.7,,,+361,460,21.4,park +25%,86F,RvL +12%,heat -0%,no,0
2026-07-09,Dominic Canzone,SEA,,Janson Junk,3,card,21.3,,,+369,550,38.6,park -9%,86F · wind in 3 (roof: half),LvR +8%,heat +11%,hr,1
2026-07-09,Bryson Stott,PHI,,Brady Singer,6,card,19.2,,,+420,370,-9.6,park +25%,86F,LvR +8%,heat +1%,no,0
2026-07-09,Luke Raley,SEA,,Janson Junk,6,card,19.0,,,+427,410,-3.2,park -9%,86F · wind in 3 (roof: half),LvR +8%,heat +10%,no,0
2026-07-09,Trea Turner,PHI,,Brady Singer,1,card,18.8,,,+431,480,9.2,park +25%,86F,RvR -3%,heat -10%,no,0
2026-07-09,Mike Trout,LAA,,Nathan Eovaldi,2,card,30.6,,,+227,310,25.4,park +2%,100F (roof: half),RvR -3%,heat +11%,no,0
2026-07-09,Zach Neto,LAA,,Nathan Eovaldi,1,card,25.5,,,+292,510,55.8,park +2%,100F (roof: half),RvR -3%,heat +12%,no,0
2026-07-09,Hunter Goodman,COL,,Carson Whisenhunt *,4,card,22.9,,,+337,340,0.6,park -14%,66F · wind out 14,RvL +12%,,no,0
2026-07-09,Justin Foscue,TEX,,Reid Detmers,1,card,20.9,,,+378,550,35.9,park +2%,100F (roof: half),RvL +12%,heat +0%,hr,1
2026-07-09,Jordan Walker,STL,,Logan Henderson,4,card,20.6,,,+384,340,-9.2,park -7%,78F · wind out 4,RvR -3%,heat +16%,hr,1
2026-07-09,Jorge Soler,LAA,,Nathan Eovaldi,4,card,19.8,,,+404,550,29.0,park +2%,100F (roof: half),RvR -3%,heat +3%,no,0
2026-07-09,Ketel Marte,ARI,,Griffin Canning,1,card,19.4,,,+415,320,-18.5,park -4%,71F · wind out 3,SvR +8%,heat -1%,void,
2026-07-09,Josh Lowe,LAA,,Nathan Eovaldi,6,card,18.7,,,+434,600,31.0,park +2%,100F (roof: half),LvR +8%,heat -5%,no,0
2026-07-09,Heliot Ramos,SFG,,Ryan Feltner,1,card,18.7,,,+435,575,26.3,park -14%,66F · wind out 14,RvR -3%,heat +1%,void,
2026-07-09,Victor Bericoto,SFG,,Ryan Feltner,7,card,18.2,,,+450,750,54.5,park -14%,66F · wind out 14,RvR -3%,,void,
2026-07-09,Bryan Torres,STL,,Logan Henderson,7,card,14.9,,,+571,750,26.6,park -7%,78F · wind out 4,LvR +8%,,no,0
2026-07-09,Vaughn Grissom,LAA,,Nathan Eovaldi,5,card,13.6,,,+635,1000,49.7,park +2%,100F (roof: half),RvR -3%,,no,0
2026-07-10,Sal Stewart,CIN,,Shota Imanaga,2,card,28.9,,,+246,,,park +25%,82F,RvL +12%,heat +0%,no,0
2026-07-10,Elly De La Cruz,CIN,,Shota Imanaga,1,card,26.7,,,+275,,,park +25%,82F,SvL +12%,heat +11%,hr,1
2026-07-10,Yordan Alvarez,HOU,,Cal Quantrill,2,card,25.8,,,+287,,,park +2%,96F (roof: half),LvR +8%,heat -7%,hr,1
2026-07-10,Spencer Steer,CIN,,Shota Imanaga,3,card,24.3,,,+311,,,park +25%,82F,RvL +12%,heat -1%,no,0
2026-07-10,Eugenio Suárez,CIN,,Shota Imanaga,5,card,23.5,,,+325,,,park +25%,82F,RvL +12%,heat -2%,no,0
2026-07-10,Juan Soto,NYM,,Sonny Gray,2,card,22.1,,,+353,,,park -4%,85F · wind out 3,LvR +8%,heat +0%,no,0
2026-07-10,Miguel Vargas,CHW,,Jacob Lopez,3,card,22.1,,,+352,,,park +9%,74F,RvL +12%,heat +2%,void,
2026-07-10,Pete Crow-Armstrong,CHC,,Hunter Greene *,1,card,22.1,,,+353,,,park +25%,82F,LvR +8%,,no,0
2026-07-10,Munetaka Murakami,CHW,,Jacob Lopez,2,card,21.9,,,+358,,,park +9%,74F,LvL -22%,heat +2%,void,
2026-07-10,Colson Montgomery,CHW,,Jacob Lopez,4,card,21.6,,,+364,,,park +9%,74F,LvL -22%,heat -2%,void,
2026-07-10,Kyle Schwarber,PHI,,Jack Flaherty,2,card,21.5,,,+366,,,park -5%,82F,LvR +8%,heat -4%,no,0
2026-07-10,Ben Rice,NYY,,Carson Palmquist *,2,card,21.2,,,+372,,,park avg,77F,LvL -22%,,hr,1
2026-07-10,JJ Bleday,CIN,,Shota Imanaga,4,card,21.2,,,+372,,,park +25%,82F,LvL -22%,heat -3%,hr,1
2026-07-10,Shea Langeliers,ATH,,Sean Burke,2,card,21.1,,,+374,,,park +9%,74F,RvR -3%,heat +14%,no,0
2026-07-10,Noelvi Marte,CIN,,Shota Imanaga,7,card,20.8,,,+381,,,park +25%,82F,RvL +12%,heat +3%,no,0
2026-07-10,Hunter Goodman,COL,,Robbie Ray,4,card,20.7,,,+383,,,park -14%,62F · wind out 13,RvL +12%,heat +8%,no,0
2026-07-10,Ian Happ,CHC,,Hunter Greene *,5,card,20.7,,,+383,,,park +25%,82F,SvR +8%,,no,0
2026-07-10,Dominic Canzone,SEA,,Nick Martinez,3,card,20.6,,,+386,,,park -4% [low-conf],dome,LvR +8%,heat +11%,no,0
2026-07-10,Shohei Ohtani,LAD,,Eduardo Rodriguez *,1,card,20.6,,,+385,,,park +5%,80F · wind out 6,LvL -22%,heat +5%,hr,1
2026-07-10,Tyler Stephenson,CIN,,Shota Imanaga,6,card,20.6,,,+386,,,park +25%,82F,RvL +12%,heat -2%,no,0
2026-07-10,Michael Conforto,CHC,,Hunter Greene *,7,card,20.5,,,+387,,,park +25%,82F,LvR +8%,,no,0
2026-07-10,Seiya Suzuki,CHC,,Hunter Greene *,4,card,20.4,,,+391,,,park +25%,82F,RvR -3%,,no,0
2026-07-10,Kerry Carpenter,DET,,Aaron Nola,5,card,20.3,,,+392,,,park -5%,82F,LvR +8%,heat +0%,no,0
2026-07-10,Matt Olson,ATL,,Kyle Leahy,3,card,20.3,,,+392,,,park -7%,87F,LvR +8%,heat +3%,no,0
2026-07-10,James Wood,WSN,,Ryan Weathers,1,card,20.2,,,+394,,,park avg,77F,LvL -22%,heat +0%,void,
2026-07-10,Nelson Velázquez,STL,,Chris Sale,4,card,20.2,,,+395,,,park -7%,87F,RvL +12%,,no,0
2026-07-10,Paul Goldschmidt,NYY,,Carson Palmquist *,4,card,20.2,,,+394,,,park avg,77F,RvL +12%,,no,0
2026-07-10,Amed Rosario,NYY,,Carson Palmquist *,1,card,20.1,,,+397,,,park avg,77F,RvL +12%,,no,0
2026-07-10,Christian Walker,HOU,,Cal Quantrill,4,card,20.1,,,+398,,,park +2%,96F (roof: half),RvR -3%,,no,0
2026-07-10,Ketel Marte,ARI,,Kyle Hurt,1,card,20.1,,,+398,,,park +5%,80F · wind out 6,SvR +8%,heat +5%,void,
2026-07-11,Miguel Vargas,CHW,,Gage Jump,3,card,21.4,,,+367,,,park +9%,77F,RvL +12%,heat +4%,void,
2026-07-11,Munetaka Murakami,CHW,,Gage Jump,2,card,20.8,,,+381,,,park +9%,77F,LvL -22%,,void,
2026-07-11,Colson Montgomery,CHW,,Gage Jump,4,card,20.6,,,+386,,,park +9%,77F,LvL -22%,,void,
2026-07-11,Shea Langeliers,ATH,,Bryan Hudson,3,card,20.6,,,+385,,,park +9%,77F,RvL +12%,heat +16%,no,0
2026-07-11,Brandon Lowe,PIT,,Brandon Sproat,2,proj,20.1,,,+397,,,park -9%,78F,LvR +8%,heat +3%,no,0
2026-07-11,Randal Grichuk,CHW,,Gage Jump,1,card,18.7,,,+433,,,park +9%,77F,RvL +12%,heat -1%,void,
2026-07-11,Kody Clemens,MIN,,Ryan Johnson,4,card,21.8,,,+360,,,park -2%,90F,LvR +8%,heat +0%,no,0
2026-07-11,Ben Rice,NYY,,PJ Poulin,2,card,21.7,,,+361,,,park avg,87F,LvL -22%,,no,0
2026-07-11,Dominic Canzone,SEA,,Griffin Jax,3,card,21.1,,,+375,,,park -4% [low-conf],dome,LvR +8%,heat -1%,no,0
2026-07-11,James Wood,WSN,,Cam Schlittler,1,card,21.1,,,+375,,,park avg,87F,LvR +8%,heat +18%,void,
2026-07-11,Mike Trout,LAA,,Joe Ryan,2,card,20.7,,,+382,,,park -2%,90F,RvR -3%,heat +1%,no,0
2026-07-11,Esmerlyn Valdez,PIT,,Brandon Sproat,4,card,20.5,,,+388,,,park -9%,82F,RvR -3%,heat +1%,hr,2
2026-07-11,Paul Goldschmidt,NYY,,PJ Poulin,4,card,20.5,,,+388,,,park avg,87F,RvL +12%,heat -4%,hr,1
2026-07-11,Amed Rosario,NYY,,PJ Poulin,1,card,20.4,,,+390,,,park avg,87F,RvL +12%,heat -2%,no,0
2026-07-11,Esmerlyn Valdez,PIT,,Shane Drohan,4,card,20.2,,,+396,,,park -9%,82F,RvL +12%,heat +7%,hr,1
2026-07-11,Hunter Goodman,COL,,Tyler Mahle,3,card,20.2,,,+396,,,park -14%,67F · wind out 9,RvR -3%,heat -7%,no,0
2026-07-11,Juan Soto,NYM,,Eduardo Rivera *,2,card,20.2,,,+394,,,park -4%,84F,LvL -22%,,no,0
2026-07-11,Luke Raley,SEA,,Griffin Jax,6,card,20.1,,,+397,,,park -4% [low-conf],dome,LvR +8%,heat +2%,no,0
2026-07-11,Josh Bell,MIN,,Ryan Johnson,3,card,20.0,,,+399,,,park -2%,90F,SvR +8%,heat +2%,no,0
2026-07-11,Casey Schmitt,SFG,,Kyle Freeland,3,card,19.8,,,+405,,,park -14%,67F · wind out 9,RvL +12%,heat +3%,void,
2026-07-11,Yordan Alvarez,HOU,,Kumar Rocker,2,card,25.1,,,+298,,,park +2%,95F (roof: half),LvR +8%,heat +2%,hr,1
2026-07-11,Sal Stewart,CIN,,Javier Assad,2,card,24.9,,,+302,,,park +25%,76F,RvR -3%,heat +1%,no,0
2026-07-11,Elly De La Cruz,CIN,,Javier Assad,1,card,24.2,,,+314,,,park +25%,76F,SvR +8%,heat +10%,no,0
2026-07-11,Shohei Ohtani,LAD,,Brandon Pfaadt,1,card,23.0,,,+335,,,park +5%,80F · wind out 7,LvR +8%,heat -3%,no,0
2026-07-11,JJ Bleday,CIN,,Javier Assad,3,card,22.2,,,+350,,,park +25%,76F,LvR +8%,heat +6%,hr,1
2026-07-11,Kyle Schwarber,PHI,,Casey Mize,2,card,21.5,,,+366,,,park -5%,82F,LvR +8%,heat +6%,no,0
2026-07-11,Spencer Steer,CIN,,Javier Assad,4,card,21.3,,,+369,,,park +25%,76F,RvR -3%,heat -1%,no,0
2026-07-11,Eugenio Suárez,CIN,,Javier Assad,6,card,21.1,,,+375,,,park +25%,76F,RvR -3%,heat +5%,hr,1
2026-07-11,Seiya Suzuki,CHC,,Nick Lodolo,2,card,21.0,,,+376,,,park +25%,76F,RvL +12%,heat +1%,no,0
2026-07-11,Max Muncy,LAD,,Brandon Pfaadt,5,card,20.9,,,+379,,,park +5%,80F · wind out 7,LvR +8%,heat -9%,no,0
2026-07-11,Nathaniel Lowe,CIN,,Javier Assad,5,card,20.8,,,+382,,,park +25%,76F,LvR +8%,heat +6%,hr,1
2026-07-11,Ketel Marte,ARI,,Yoshinobu Yamamoto,1,card,20.4,,,+391,,,park +5%,80F · wind out 7,SvR +8%,heat +7%,void,
2026-07-11,Pete Crow-Armstrong,CHC,,Nick Lodolo,1,card,20.3,,,+392,,,park +25%,76F,LvL -22%,heat +5%,no,0
2026-07-11,Ian Happ,CHC,,Nick Lodolo,7,card,20.2,,,+395,,,park +25%,76F,SvL +12%,heat -6%,no,0
2026-07-11,Mickey Moniak,COL,,Tyler Mahle,2,card,20.1,,,+397,,,park -14%,66F · wind out 13,LvR +8%,heat -4%,no,0
2026-07-11,Heliot Ramos,SFG,,Kyle Freeland,1,card,19.9,,,+403,,,park -14%,66F · wind out 13,RvL +12%,heat -2%,void,
2026-07-12,Esmerlyn Valdez,PIT,,Robert Gasser,4,card,21.6,,,+362,,,park -9%,83F,RvL +12%,heat +11%,no,0
2026-07-12,Kyle Schwarber,PHI,,Tarik Skubal,2,card,20.9,,,+379,,,park -5%,83F,LvL -22%,,no,0
2026-07-12,Juan Soto,NYM,,Payton Tolle,2,card,19.8,,,+405,,,park -4%,85F · wind in 4,LvL -22%,heat +16%,no,0
2026-07-12,Sal Stewart,CIN,,Matthew Boyd,2,card,24.5,,,+308,,,park +25%,83F,RvL +12%,heat +3%,no,0
2026-07-12,Elly De La Cruz,CIN,,Matthew Boyd,1,card,23.0,,,+335,,,park +25%,83F,SvL +12%,heat +15%,no,0
2026-07-12,Munetaka Murakami,CHW,,J.T. Ginn,2,card,22.6,,,+343,,,park +9%,80F,LvR +8%,heat -5%,void,
2026-07-12,Colson Montgomery,CHW,,J.T. Ginn,4,card,22.1,,,+352,,,park +9%,80F,LvR +8%,heat -7%,void,
2026-07-12,Yordan Alvarez,HOU,,MacKenzie Gore,2,card,21.8,,,+358,,,park +2%,96F (roof: half),LvL -22%,heat +2%,no,0
2026-07-12,James Wood,WSN,,Will Warren,1,card,21.7,,,+360,,,park avg,83F,LvR +8%,heat +3%,void,
2026-07-12,Seiya Suzuki,CHC,,Andrew Abbott,2,card,21.6,,,+363,,,park +25%,83F,RvL +12%,heat -0%,no,0
2026-07-12,Ketel Marte,ARI,,Emmet Sheehan,1,card,21.5,,,+366,,,park +5%,82F · wind out 7,SvR +8%,heat +6%,void,
2026-07-12,Mike Trout,LAA,,Taj Bradley,2,card,21.5,,,+366,,,park -2%,92F · wind out 5,RvR -3%,heat -3%,no,0
2026-07-12,Spencer Steer,CIN,,Matthew Boyd,3,card,21.3,,,+369,,,park +25%,83F,RvL +12%,heat -1%,no,0
2026-07-12,Eugenio Suárez,CIN,,Matthew Boyd,5,card,21.2,,,+372,,,park +25%,83F,RvL +12%,heat -1%,hr,1
2026-07-12,Pete Crow-Armstrong,CHC,,Andrew Abbott,1,card,20.9,,,+378,,,park +25%,83F,LvL -22%,heat +8%,no,0
2026-07-12,Ian Happ,CHC,,Andrew Abbott,7,card,20.8,,,+382,,,park +25%,83F,SvL +12%,heat -9%,no,0
2026-07-12,Miguel Vargas,CHW,,J.T. Ginn,3,card,20.8,,,+381,,,park +9%,80F,RvR -3%,heat -2%,void,
2026-07-12,Pete Alonso,BAL,,Seth Lugo,4,card,20.7,,,+383,,,park +4% [low-conf],86F,RvR -3%,heat +12%,no,0
2026-07-12,Shohei Ohtani,LAD,,Mitch Bratt *,1,card,20.7,,,+383,,,park +5%,82F · wind out 7,LvL -22%,,hr,1
2026-07-12,Kody Clemens,MIN,,José Soriano,4,card,20.5,,,+387,,,park -2%,92F · wind out 5,LvR +8%,heat -8%,no,0
2026-07-12,Christian Walker,HOU,,MacKenzie Gore,4,card,20.3,,,+394,,,park +2%,96F (roof: half),RvL +12%,heat +6%,no,0
2026-07-12,Joc Pederson,TEX,,Cristian Javier,1,card,20.2,,,+396,,,park +2%,96F (roof: half),LvR +8%,heat +5%,no,0
2026-07-12,Samuel Basallo,BAL,,Seth Lugo,5,card,20.2,,,+394,,,park +4% [low-conf],86F,LvR +8%,heat +13%,hr,1
2026-07-12,Jose Siri,LAA,,Taj Bradley,4,card,20.1,,,+397,,,park -2%,92F · wind out 5,RvR -3%,heat +2%,void,
2026-07-12,Dansby Swanson,CHC,,Andrew Abbott,8,card,19.9,,,+403,,,park +25%,83F,RvL +12%,heat -6%,no,0
2026-07-12,Ryan Jeffers,MIN,,José Soriano,2,card,19.9,,,+403,,,park -2%,92F · wind out 5,RvR -3%,heat -2%,no,0
2026-07-12,Zach Neto,LAA,,Taj Bradley,1,card,19.9,,,+403,,,park -2%,92F · wind out 5,RvR -3%,heat +8%,no,0
2026-07-12,Junior Caminero,TBR,,Emerson Hancock,3,card,19.6,,,+411,,,park -4% [low-conf],dome,RvR -3%,heat +9%,void,
2026-07-12,JJ Bleday,CIN,,Matthew Boyd,4,card,19.5,,,+412,,,park +25%,83F,LvL -22%,heat +1%,no,0
2026-07-12,Jordan Walker,STL,,Danny Young *,3,card,19.5,,,+413,,,park -7%,87F · wind in 6,RvL +12%,,no,0
2026-07-12,Hunter Goodman,COL,,Trevor McDonald,3,card,19.5,,,+413,,,park -14%,72F · wind out 12,RvR -3%,heat +3%,no,0
2026-07-14,Junior Caminero,American League All-Stars,,Cristopher Sánchez *,4,card,24.8,,,+303,,,park +9%,85F · wind out 7,RvL +12%,heat +5%,void,
2026-07-14,Mike Trout,American League All-Stars,,Cristopher Sánchez *,1,card,24.1,,,+315,,,park +9%,85F · wind out 7,RvL +12%,heat +12%,void,
2026-07-14,Yordan Alvarez,American League All-Stars,,Cristopher Sánchez *,2,card,23.9,,,+319,,,park +9%,85F · wind out 7,LvL -22%,heat +18%,void,
2026-07-14,Shea Langeliers,American League All-Stars,,Cristopher Sánchez *,3,card,23.1,,,+333,,,park +9%,85F · wind out 7,RvL +12%,heat -4%,void,
2026-07-14,Kyle Schwarber,National League All-Stars,,Dylan Cease,1,card,22.5,,,+344,,,park +9%,85F · wind out 7,LvR +8%,heat -3%,void,
2026-07-14,Juan Soto,National League All-Stars,,Dylan Cease,2,card,21.5,,,+366,,,park +9%,85F · wind out 7,LvR +8%,heat +5%,void,
2026-07-14,Ben Rice,American League All-Stars,,Cristopher Sánchez *,7,card,21.1,,,+374,,,park +9%,85F · wind out 7,LvL -22%,heat +3%,void,
2026-07-14,Bobby Witt Jr.,American League All-Stars,,Cristopher Sánchez *,5,card,19.3,,,+419,,,park +9%,85F · wind out 7,RvL +12%,heat +12%,void,
2026-07-14,Max Muncy,National League All-Stars,,Dylan Cease,5,card,18.8,,,+433,,,park +9%,85F · wind out 7,LvR +8%,heat -8%,void,
2026-07-14,Drake Baldwin,National League All-Stars,,Dylan Cease,9,card,16.9,,,+491,,,park +9%,85F · wind out 7,LvR +8%,heat -5%,void,
2026-07-14,CJ Abrams,National League All-Stars,,Dylan Cease,4,card,16.2,,,+519,,,park +9%,85F · wind out 7,LvR +8%,heat -3%,void,
2026-07-14,Freddie Freeman,National League All-Stars,,Dylan Cease,3,card,15.6,,,+541,,,park +9%,85F · wind out 7,LvR +8%,heat +2%,void,
2026-07-14,Riley Greene,American League All-Stars,,Cristopher Sánchez *,8,card,15.3,,,+555,,,park +9%,85F · wind out 7,LvL -22%,heat +7%,void,
2026-07-14,Brandon Marsh,National League All-Stars,,Dylan Cease,7,card,13.2,,,+655,,,park +9%,85F · wind out 7,LvR +8%,heat -6%,void,
2026-07-14,Andy Pages,National League All-Stars,,Dylan Cease,8,card,12.6,,,+692,,,park +9%,85F · wind out 7,RvR -3%,heat -11%,void,
2026-07-14,Cody Bellinger,American League All-Stars,,Cristopher Sánchez *,6,card,12.0,,,+735,,,park +9%,85F · wind out 7,LvL -22%,heat +9%,void,
2026-07-14,Ozzie Albies,National League All-Stars,,Dylan Cease,6,card,10.9,,,+814,,,park +9%,85F · wind out 7,SvR +8%,heat -2%,void,
2026-07-14,Ernie Clement,American League All-Stars,,Cristopher Sánchez *,9,card,9.2,,,+984,,,park +9%,85F · wind out 7,RvL +12%,heat -3%,void,
2026-07-16,Juan Soto,NYM,,Aaron Nola,2,card,26.0,,,+284,,,park +9%,92F · wind in 3,LvR +8%,heat -3%,no,0
2026-07-16,Kyle Schwarber,PHI,,Christian Scott,2,card,24.1,,,+315,,,park +9%,92F · wind in 3,LvR +8%,heat +0%,no,0
2026-07-16,Bryce Harper,PHI,,Christian Scott,3,card,20.1,,,+398,,,park +9%,92F · wind in 3,LvR +8%,heat +11%,no,0
2026-07-16,Francisco Alvarez,NYM,,Aaron Nola,9,card,20.1,,,+397,,,park +9%,92F · wind in 3,RvR -3%,heat -5%,hr,2
2026-07-16,Francisco Lindor,NYM,,Aaron Nola,4,card,19.1,,,+425,,,park +9%,92F · wind in 3,SvR +8%,heat -8%,no,0
2026-07-16,Jared Young,NYM,,Aaron Nola,7,card,16.9,,,+490,,,park +9%,92F · wind in 3,LvR +8%,heat -3%,no,0
2026-07-16,Brandon Marsh,PHI,,Christian Scott,4,card,15.6,,,+542,,,park +9%,92F · wind in 3,LvR +8%,heat -4%,no,0
2026-07-16,A.J. Ewing,NYM,,Aaron Nola,1,card,15.5,,,+545,,,park +9%,92F · wind in 3,LvR +8%,heat -1%,no,0
2026-07-16,Carson Benge,NYM,,Aaron Nola,5,card,14.4,,,+595,,,park +9%,92F · wind in 3,LvR +8%,heat -7%,no,0
2026-07-16,Bo Bichette,NYM,,Aaron Nola,3,card,13.4,,,+648,,,park +9%,92F · wind in 3,RvR -3%,heat -15%,no,0
2026-07-16,Jorge Polanco,NYM,,Aaron Nola,6,card,13.2,,,+660,,,park +9%,92F · wind in 3,SvR +8%,heat -5%,no,0
2026-07-16,Gabriel Rincones Jr.,PHI,,Christian Scott,8,card,12.3,,,+716,,,park +9%,92F · wind in 3,LvR +8%,,no,0
2026-07-16,Brett Baty,NYM,,Aaron Nola,8,card,11.8,,,+745,,,park +9%,92F · wind in 3,LvR +8%,heat -10%,hr,1
2026-07-16,Trea Turner,PHI,,Christian Scott,1,card,11.5,,,+770,,,park +9%,92F · wind in 3,RvR -3%,heat +2%,hr,1
2026-07-16,Alec Bohm,PHI,,Christian Scott,5,card,11.0,,,+813,,,park +9%,92F · wind in 3,RvR -3%,heat -2%,no,0
2026-07-16,Bryson Stott,PHI,,Christian Scott,6,card,10.7,,,+838,,,park +9%,92F · wind in 3,LvR +8%,heat +4%,no,0
2026-07-16,J.T. Realmuto,PHI,,Christian Scott,7,card,10.3,,,+873,,,park +9%,92F · wind in 3,RvR -3%,heat -2%,no,0
2026-07-16,Justin Crawford,PHI,,Christian Scott,9,card,4.6,,,+2084,,,park +9%,92F · wind in 3,LvR +8%,heat -2%,no,0
2026-07-17,Junior Caminero,TBR,,Jake Bennett,1,proj,22.0,,,+355,,,park -7%,82F · wind out 8,RvL +12%,heat +12%,void,
2026-07-17,Esmerlyn Valdez,PIT,,Gavin Williams,4,card,21.3,,,+369,,,park -3%,82F · wind in 5,RvR -3%,heat -1%,void,
2026-07-17,Willson Contreras,BOS,,Mason Englert,4,card,20.7,,,+383,,,park -7%,85F · wind out 7,RvR -3%,heat +10%,void,
2026-07-17,Willson Contreras,BOS,,Griffin Jax,4,card,20.6,,,+386,,,park -7%,85F · wind out 7,RvR -3%,heat +2%,void,
2026-07-17,Brandon Lowe,PIT,,Gavin Williams,2,card,20.4,,,+391,,,park -3%,82F · wind in 5,LvR +8%,heat +12%,void,
2026-07-17,Ben Rice,NYY,,Roki Sasaki,2,card,28.2,,,+254,,,park +14%,86F · wind out 4,LvR +8%,heat -3%,no,0
2026-07-17,Yordan Alvarez,HOU,,Dean Kremer,2,card,27.9,,,+259,,,park +3%,87F · wind out 4 (roof: half),LvR +8%,heat -5%,no,0
2026-07-17,Hunter Goodman,COL,,Brady Singer,3,card,27.5,,,+263,,,park +9%,93F,RvR -3%,heat -6%,no,0
2026-07-17,Mickey Moniak,COL,,Brady Singer,2,card,26.5,,,+278,,,park +9%,93F,LvR +8%,heat -1%,no,0
2026-07-17,Shohei Ohtani,LAD,,Gerrit Cole,1,card,26.0,,,+285,,,park +14%,86F · wind out 4,LvR +8%,heat +0%,no,0
2026-07-17,James Wood,WSN,,Gage Jump,1,card,22.6,,,+342,,,park +6% [low-conf],92F · wind out 5,LvL -22%,,void,
2026-07-17,Shea Langeliers,ATH,,Cade Cavalli,4,card,22.4,,,+347,,,park +6% [low-conf],92F · wind out 5,RvR -3%,heat +7%,hr,1
2026-07-17,Matt Olson,ATL,,Cal Quantrill,3,card,22.0,,,+355,,,park +4%,75F,LvR +8%,heat -4%,hr,1
2026-07-17,Max Muncy,LAD,,Gerrit Cole,5,card,21.8,,,+360,,,park +14%,86F · wind out 4,LvR +8%,heat -1%,hr,1
2026-07-17,Junior Caminero,TBR,,Eduardo Rivera *,3,card,21.7,,,+360,,,park -7%,82F · wind out 5,RvL +12%,,void,
2026-07-17,Kody Clemens,MIN,,Colin Rea,4,card,21.5,,,+365,,,park avg,85F,LvR +8%,heat -3%,no,0
2026-07-17,Mike Trout,LAA,,Troy Melton,2,card,21.5,,,+366,,,park +4%,82F · wind out 6,RvR -3%,,no,0
2026-07-17,Paul Goldschmidt,NYY,,Roki Sasaki,3,card,21.5,,,+364,,,park +14%,86F · wind out 4,RvR -3%,heat -1%,no,0
2026-07-17,Drake Baldwin,ATL,,Cal Quantrill,1,card,21.3,,,+369,,,park +4%,75F,LvR +8%,heat -12%,hr,1
2026-07-17,Trent Grisham,NYY,,Roki Sasaki,1,card,21.3,,,+370,,,park +14%,86F · wind out 4,LvR +8%,heat -10%,no,0
2026-07-17,Curtis Mead,WSN,,Gage Jump,2,card,21.2,,,+372,,,park +6% [low-conf],92F · wind out 5,RvL +12%,heat +0%,void,
2026-07-17,Sal Stewart,CIN,,Gabriel Hughes *,2,card,21.2,,,+372,,,park +9%,93F,RvR -3%,,no,0
2026-07-17,Elly De La Cruz,CIN,,Gabriel Hughes *,1,card,21.0,,,+376,,,park +9%,93F,SvR +8%,,hr,1
2026-07-17,Pete Crow-Armstrong,CHC,,Bailey Ober,1,card,20.9,,,+379,,,park avg,85F,LvR +8%,heat +2%,no,0
2026-07-17,Ryan Jeffers,MIN,,Colin Rea,2,card,20.9,,,+380,,,park avg,85F,RvR -3%,heat -0%,hr,1
2026-07-17,Jordan Walker,STL,,Merrill Kelly,4,card,20.7,,,+384,,,park +4%,93F (roof: half),RvR -3%,heat -8%,no,0
2026-07-17,Michael Harris II,ATL,,Cal Quantrill,4,card,20.7,,,+384,,,park +4%,75F,LvR +8%,heat +4%,no,0
2026-07-17,JJ Bleday,CIN,,Gabriel Hughes *,3,card,20.6,,,+385,,,park +9%,93F,LvR +8%,,no,0
2026-07-17,Christian Walker,HOU,,Dean Kremer,4,card,20.5,,,+388,,,park +3%,87F · wind out 4 (roof: half),RvR -3%,heat +4%,no,0
2026-07-17,Tyler Soderstrom,ATH,,Cade Cavalli,3,card,20.4,,,+391,,,park +6% [low-conf],92F · wind out 5,LvR +8%,heat +2%,hr,1
2026-07-17,Dillon Dingler,DET,,Reid Detmers,3,card,20.2,,,+394,,,park +4%,82F · wind out 6,RvL +12%,heat +11%,no,0
2026-07-18,Esmerlyn Valdez,PIT,,Logan Allen *,8,proj,22.0,,,+355,,,park -3%,89F,RvL +12%,,hr,1
2026-07-18,Esmerlyn Valdez,PIT,,Gavin Williams,8,proj,21.6,,,+363,,,park -3%,89F,RvR -3%,heat -1%,hr,1
2026-07-18,Brandon Lowe,PIT,,Gavin Williams,2,proj,21.2,,,+371,,,park -3%,89F,LvR +8%,heat +12%,no,0
2026-07-18,Ben Rice,NYY,,Emmet Sheehan,2,proj,24.9,,,+302,,,park +14%,75F · wind out 3,LvR +8%,heat +10%,void,
2026-07-18,Kyle Schwarber,PHI,,Sean Manaea,2,card,23.6,,,+324,,,park +9%,89F · wind out 11,LvL -22%,heat +8%,hr,1
2026-07-18,Mickey Moniak,COL,,Rhett Lowder,2,card,22.7,,,+340,,,park +9%,94F,LvR +8%,heat +2%,no,0
2026-07-18,Sal Stewart,CIN,,Tomoyuki Sugano,2,card,22.2,,,+350,,,park +9%,94F,RvR -3%,heat +1%,no,0
2026-07-18,Elly De La Cruz,CIN,,Tomoyuki Sugano,1,card,22.1,,,+352,,,park +9%,94F,SvR +8%,heat -5%,no,0
2026-07-18,JJ Bleday,CIN,,Tomoyuki Sugano,3,card,21.6,,,+364,,,park +9%,94F,LvR +8%,heat -4%,no,0
2026-07-18,Shohei Ohtani,LAD,,Ryan Weathers,3,proj,21.4,,,+368,,,park +14%,75F · wind out 3,LvL -22%,heat +6%,void,
2026-07-18,Matt Olson,ATL,,MacKenzie Gore,3,card,21.1,,,+375,,,park +4%,92F · wind out 5,LvL -22%,heat +3%,no,0
2026-07-18,Eugenio Suárez,CIN,,Tomoyuki Sugano,5,card,21.0,,,+377,,,park +9%,94F,RvR -3%,,no,0
2026-07-18,Munetaka Murakami,CHW,,Shane Bieber,2,card,21.0,,,+377,,,park +3% [low-conf],76F (roof: half),LvR +8%,heat -4%,void,
2026-07-18,Colson Montgomery,CHW,,Shane Bieber,4,card,20.8,,,+381,,,park +3% [low-conf],76F (roof: half),LvR +8%,heat -8%,void,
2026-07-18,Joc Pederson,TEX,,Owen Murphy *,1,card,20.8,,,+380,,,park +4%,92F · wind out 5,LvR +8%,,hr,1
2026-07-18,Juan Soto,NYM,,Jesús Luzardo,2,card,20.8,,,+381,,,park +9%,89F · wind out 11,LvL -22%,heat -3%,no,0
2026-07-18,Drake Baldwin,ATL,,MacKenzie Gore,1,card,20.6,,,+384,,,park +4%,92F · wind out 5,LvL -22%,heat +9%,no,0
2026-07-18,Francisco Alvarez,NYM,,Jesús Luzardo,4,card,20.5,,,+387,,,park +9%,89F · wind out 11,RvL +12%,heat +1%,no,0
2026-07-18,Spencer Steer,CIN,,Tomoyuki Sugano,4,card,20.4,,,+390,,,park +9%,94F,RvR -3%,heat -7%,no,0
2026-07-18,Shea Langeliers,ATH,,Zack Littell,3,card,29.5,,,+239,,,park +6% [low-conf],92F · wind out 3,RvR -3%,heat +7%,no,0
2026-07-18,James Wood,WSN,,J.T. Ginn,1,card,27.2,,,+268,,,park +6% [low-conf],92F · wind out 3,LvR +8%,heat -3%,void,
2026-07-18,Tyler Soderstrom,ATH,,Zack Littell,2,card,24.1,,,+314,,,park +6% [low-conf],92F · wind out 3,LvR +8%,heat -1%,hr,1
2026-07-18,Mike Trout,LAA,,Tarik Skubal,2,card,22.1,,,+353,,,park +4%,85F · wind out 6,RvL +12%,heat -2%,no,0
2026-07-18,Junior Caminero,TBR,,Patrick Sandoval *,3,card,21.5,,,+365,,,park -7%,69F · wind out 12,RvL +12%,,void,
2026-07-18,Yordan Alvarez,HOU,,Trevor Rogers,2,card,21.3,,,+369,,,park +3%,87F · wind out 4 (roof: half),LvL -22%,heat +5%,no,0
2026-07-18,CJ Abrams,WSN,,J.T. Ginn,4,card,20.9,,,+378,,,park +6% [low-conf],92F · wind out 3,LvR +8%,heat -7%,void,
2026-07-18,Carlos Cortes,ATH,,Zack Littell,4,card,20.7,,,+382,,,park +6% [low-conf],92F · wind out 3,LvR +8%,heat +6%,hr,1
2026-07-18,Kerry Carpenter,DET,,Grayson Rodriguez,6,card,20.6,,,+386,,,park +4%,85F · wind out 6,LvR +8%,heat +2%,no,0
2026-07-18,Luis García Jr.,WSN,,J.T. Ginn,2,card,20.5,,,+388,,,park +6% [low-conf],92F · wind out 3,LvR +8%,heat +1%,void,
2026-07-18,Zach Neto,LAA,,Tarik Skubal,1,card,20.5,,,+388,,,park +4%,85F · wind out 6,RvL +12%,heat +8%,no,0
2026-07-18,Willson Contreras,BOS,,Ian Seymour,4,card,20.4,,,+389,,,park -7%,69F · wind out 12,RvL +12%,heat +7%,no,0
2026-07-18,Dillon Dingler,DET,,Grayson Rodriguez,2,card,20.1,,,+397,,,park +4%,85F · wind out 6,RvR -3%,heat -0%,no,0
2026-07-18,Jose Siri,LAA,,Tarik Skubal,8,card,20.1,,,+397,,,park +4%,85F · wind out 6,RvL +12%,heat +2%,no,0
2026-07-19,Matt Olson,ATL,,Nathan Eovaldi,3,card,24.9,,,+302,,,park +4%,90F,LvR +8%,heat -3%,no,0
2026-07-19,Ben Rice,NYY,,Yoshinobu Yamamoto,2,proj,24.0,,,+316,,,park +14%,81F · wind out 7,LvR +8%,heat +1%,no,0
2026-07-19,Drake Baldwin,ATL,,Nathan Eovaldi,1,card,23.4,,,+328,,,park +4%,90F,LvR +8%,heat -7%,hr,2
2026-07-19,Shohei Ohtani,LAD,,TBD *,3,proj,23.0,,,+335,,,park +14%,81F · wind out 7,,,no,0
2026-07-19,Shohei Ohtani,LAD,,Cam Schlittler,3,proj,22.8,,,+338,,,park +14%,81F · wind out 7,LvR +8%,heat +3%,no,0
2026-07-19,Michael Harris II,ATL,,Nathan Eovaldi,4,card,22.0,,,+355,,,park +4%,90F,LvR +8%,heat -3%,no,0
2026-07-19,Joc Pederson,TEX,,Grant Holmes,1,card,21.3,,,+368,,,park +4%,90F,LvR +8%,heat -2%,no,0
2026-07-19,Max Muncy,LAD,,TBD *,5,proj,20.9,,,+379,,,park +14%,81F · wind out 7,,,no,0
2026-07-19,Max Muncy,LAD,,Cam Schlittler,5,proj,20.8,,,+380,,,park +14%,81F · wind out 7,LvR +8%,heat +2%,no,0
2026-07-19,Esmerlyn Valdez,PIT,,Joey Cantillo,4,card,20.7,,,+382,,,park -3%,76F · wind in 6,RvL +12%,heat +4%,hr,1
2026-07-19,Junior Caminero,TBR,,Sonny Gray,3,card,20.6,,,+385,,,park -7%,77F · wind out 7,RvR -3%,heat -13%,void,
2026-07-19,Shea Langeliers,ATH,,Foster Griffin,3,card,26.7,,,+275,,,park +6% [low-conf],90F,RvL +12%,heat +3%,no,0
2026-07-19,James Wood,WSN,,Jacob Lopez,1,card,24.2,,,+313,,,park +6% [low-conf],90F,LvL -22%,heat +3%,void,
2026-07-19,Hunter Goodman,COL,,Hunter Greene,3,card,23.5,,,+326,,,park +9%,99F,RvR -3%,,hr,3
2026-07-19,Yordan Alvarez,HOU,,Brandon Young,2,card,22.9,,,+338,,,park +3%,92F (roof: half),LvR +8%,heat -3%,no,0
2026-07-19,Kyle Schwarber,PHI,,Nolan McLean,2,card,22.5,,,+344,,,park +9%,82F,LvR +8%,heat +2%,no,0
2026-07-19,Ben Rice,NYY,,Will Klein,2,proj,22.4,,,+346,,,park +14%,82F · wind out 6,LvR +8%,heat +11%,no,0
2026-07-19,Mickey Moniak,COL,,Hunter Greene,2,card,22.3,,,+349,,,park +9%,99F,LvR +8%,,no,0
2026-07-19,Elly De La Cruz,CIN,,Ryan Feltner,1,card,22.1,,,+353,,,park +9%,99F,SvR +8%,heat +10%,no,0
2026-07-19,Juan Soto,NYM,,Alan Rangel,2,card,22.1,,,+352,,,park +9%,82F,LvR +8%,heat +5%,no,0
2026-07-19,Sal Stewart,CIN,,Ryan Feltner,2,card,22.0,,,+354,,,park +9%,99F,RvR -3%,heat -1%,hr,1
2026-07-19,Curtis Mead,WSN,,Jacob Lopez,2,card,21.8,,,+359,,,park +6% [low-conf],90F,RvL +12%,heat +2%,void,
2026-07-19,Kerry Carpenter,DET,,Ryan Johnson,6,card,21.8,,,+360,,,park +4%,89F · wind out 5,LvR +8%,heat +1%,no,0
2026-07-19,JJ Bleday,CIN,,Ryan Feltner,3,card,21.5,,,+365,,,park +9%,99F,LvR +8%,heat +10%,no,0
2026-07-19,Dillon Dingler,DET,,Ryan Johnson,2,card,21.2,,,+371,,,park +4%,89F · wind out 5,RvR -3%,heat +3%,no,0
2026-07-19,Nelson Velázquez,STL,,Eduardo Rodriguez *,4,card,21.0,,,+377,,,park +4%,101F (roof: half),RvL +12%,,no,0
2026-07-19,Heriberto Hernández,MIA,,Robert Gasser,2,card,20.9,,,+379,,,park +9%,77F · wind in 5 (roof: half),RvL +12%,heat +11%,no,0
2026-07-19,Riley Greene,DET,,Ryan Johnson,4,card,20.9,,,+378,,,park +4%,89F · wind out 5,LvR +8%,heat +1%,hr,1
2026-07-19,Spencer Torkelson,DET,,Ryan Johnson,5,card,20.9,,,+378,,,park +4%,89F · wind out 5,RvR -3%,heat +4%,no,0
2026-07-19,Eugenio Suárez,CIN,,Ryan Feltner,6,card,20.8,,,+382,,,park +9%,99F,RvR -3%,,no,0
2026-07-19,Colby Thomas,ATH,,Foster Griffin,6,card,20.5,,,+387,,,park +6% [low-conf],90F,RvL +12%,heat +1%,no,0
2026-07-20,Kyle Schwarber,PHI,,Emmet Sheehan,2,card,26.6,,,+276,,,park +9%,81F · wind out 4,LvR +8%,heat +3%,no,0
2026-07-20,Ketel Marte,ARI,,Jeffrey Springs,1,card,25.1,,,+299,,,park +4%,104F (roof: half),SvL +12%,heat +9%,void,
2026-07-20,Hunter Goodman,COL,,Andrew Alvarez,4,card,24.8,,,+303,,,park +9%,77F,RvL +12%,heat +15%,no,0
2026-07-20,Byron Buxton,MIN,,Tanner Bibee,2,card,24.5,,,+308,,,park -3%,79F,RvR -3%,heat +4%,no,0
2026-07-20,Esmerlyn Valdez,PIT,,Ryan Weathers,4,card,24.4,,,+309,,,park +14%,76F,RvL +12%,heat +2%,hr,1
2026-07-20,Ben Rice,NYY,,Braxton Ashcraft,2,card,23.8,,,+320,,,park +14%,76F,LvR +8%,heat +7%,no,0
2026-07-20,Kerry Carpenter,DET,,Jameson Taillon,6,card,23.3,,,+329,,,park avg,80F · wind out 11,LvR +8%,heat -7%,no,0
2026-07-20,Yordan Alvarez,HOU,,Janson Junk,2,card,22.8,,,+339,,,park +3%,93F (roof: half),LvR +8%,heat +11%,hr,2
2026-07-20,Colson Montgomery,CHW,,Jacob deGrom,4,card,22.5,,,+345,,,park +2%,99F (roof: half),LvR +8%,heat +1%,void,
2026-07-20,James Wood,WSN,,Kyle Freeland,1,card,22.4,,,+347,,,park +9%,77F,LvL -22%,heat +18%,void,
2026-07-20,Munetaka Murakami,CHW,,Jacob deGrom,2,card,22.2,,,+351,,,park +2%,99F (roof: half),LvR +8%,heat +3%,void,
2026-07-20,Riley Greene,DET,,Jameson Taillon,4,card,22.2,,,+351,,,park avg,80F · wind out 11,LvR +8%,heat -6%,hr,1
2026-07-20,Spencer Torkelson,DET,,Jameson Taillon,7,card,21.8,,,+358,,,park avg,80F · wind out 11,RvR -3%,heat -6%,no,0
2026-07-20,Dillon Dingler,DET,,Jameson Taillon,5,card,21.7,,,+361,,,park avg,80F · wind out 11,RvR -3%,heat -9%,hr,2
2026-07-20,Shea Langeliers,ATH,,Mitch Bratt *,3,card,21.5,,,+364,,,park +4%,104F (roof: half),RvL +12%,,no,0
2026-07-20,Kody Clemens,MIN,,Tanner Bibee,3,card,21.2,,,+371,,,park -3%,79F,LvR +8%,heat +2%,no,0
2026-07-20,Shohei Ohtani,LAD,,Cristopher Sánchez *,1,card,21.2,,,+372,,,park +9%,81F · wind out 4,LvL -22%,heat +15%,no,0
2026-07-20,Juan Soto,NYM,,Jacob Misiorowski,2,card,21.1,,,+374,,,park +9%,84F (roof: half),LvR +8%,heat +18%,no,0
2026-07-20,Curtis Mead,WSN,,Kyle Freeland,2,card,20.9,,,+379,,,park +9%,77F,RvL +12%,heat +1%,void,
2026-07-20,Bryce Harper,PHI,,Emmet Sheehan,3,card,20.8,,,+382,,,park +9%,81F · wind out 4,LvR +8%,heat +11%,hr,1
2026-07-20,Joc Pederson,TEX,,Erick Fedde,1,card,20.8,,,+380,,,park +2%,99F (roof: half),LvR +8%,heat +1%,hr,1
2026-07-20,Miguel Vargas,CHW,,Jacob deGrom,3,card,20.8,,,+381,,,park +2%,99F (roof: half),RvR -3%,heat -15%,void,
2026-07-20,Casey Schmitt,SFG,,Michael Wacha,3,card,20.7,,,+384,,,park -4% [low-conf],96F · wind out 6,RvR -3%,heat -4%,void,
2026-07-20,Rafael Devers,SFG,,Michael Wacha,4,card,20.7,,,+384,,,park -4% [low-conf],96F · wind out 6,LvR +8%,heat +0%,void,
2026-07-20,Mike Trout,LAA,,Kyle Leahy,2,card,20.6,,,+387,,,park +4%,89F · wind out 4,RvR -3%,heat -1%,no,0
2026-07-20,Drake Baldwin,ATL,,JP Sears,1,card,20.5,,,+389,,,park +4%,91F · wind in 4,LvL -22%,heat +7%,no,0
2026-07-20,Matt Olson,ATL,,JP Sears,3,card,20.5,,,+389,,,park +4%,91F · wind in 4,LvL -22%,heat +4%,no,0
2026-07-20,Nolan Arenado,ARI,,Jeffrey Springs,6,card,20.1,,,+399,,,park +4%,104F (roof: half),RvL +12%,heat +4%,void,
2026-07-20,Jordan Walker,STL,,José Soriano,4,card,19.9,,,+403,,,park +4%,89F · wind out 4,RvR -3%,heat -2%,no,0
2026-07-20,Trent Grisham,NYY,,Braxton Ashcraft,1,card,19.8,,,+404,,,park +14%,76F,LvR +8%,heat +3%,no,0
2026-07-21,Ben Rice,NYY,,Bubba Chandler,2,proj,24.1,,,+315,,,park +14%,83F · wind out 3,LvR +8%,heat +9%,void,
2026-07-21,Esmerlyn Valdez,PIT,,Will Warren,8,proj,22.1,,,+352,,,park +14%,83F · wind out 3,RvR -3%,heat +2%,void,
2026-07-21,Brandon Lowe,PIT,,Will Warren,2,proj,21.4,,,+367,,,park +14%,83F · wind out 3,LvR +8%,heat -1%,void,
2026-07-21,Pete Alonso,BAL,,Eduardo Rivera *,3,proj,19.6,,,+410,,,park -7%,81F · wind out 6,RvL +12%,,void,
2026-07-21,Hunter Goodman,COL,,Carson Palmquist,3,card,31.1,,,+222,,,park +9%,97F · wind out 7,RvL +12%,,hr,1
2026-07-21,James Wood,WSN,,Michael Lorenzen,1,card,26.8,,,+273,,,park +9%,97F · wind out 7,LvR +8%,heat +1%,void,
2026-07-21,Mike Trout,LAA,,Matthew Liberatore,2,card,22.9,,,+336,,,park +4%,85F · wind out 7,RvL +12%,heat +7%,no,0
2026-07-21,Juan Soto,NYM,,Brandon Sproat,2,card,22.4,,,+347,,,park +9%,72F (roof: half),LvR +8%,heat +4%,no,0
2026-07-21,Munetaka Murakami,CHW,,Kumar Rocker,2,card,22.0,,,+354,,,park +2%,104F (roof: half),LvR +8%,heat +5%,void,
2026-07-21,Shohei Ohtani,LAD,,Zack Wheeler,1,card,21.9,,,+357,,,park +9%,74F · wind out 4,LvR +8%,heat -3%,no,0
2026-07-21,Yordan Alvarez,HOU,,Tyler Phillips,2,card,21.9,,,+357,,,park +3%,96F (roof: half),LvR +8%,heat +4%,no,0
2026-07-21,Byron Buxton,MIN,,Parker Messick,2,card,21.6,,,+363,,,park -3%,75F · wind in 3,RvL +12%,heat +4%,no,0
2026-07-21,Ketel Marte,ARI,,Jack Perkins,1,card,21.5,,,+366,,,park +4%,100F (roof: half),SvR +8%,heat -0%,void,
2026-07-21,Shea Langeliers,ATH,,Kohl Drake *,3,card,21.4,,,+368,,,park +4%,100F (roof: half),RvL +12%,,hr,1
2026-07-21,Matt Olson,ATL,,Walker Buehler,3,card,21.3,,,+370,,,park +4%,88F · wind in 5,LvR +8%,heat +6%,no,0
2026-07-21,Mickey Moniak,COL,,Carson Palmquist,7,card,21.3,,,+370,,,park +9%,97F · wind out 7,LvL -22%,,hr,1
2026-07-21,CJ Abrams,WSN,,Michael Lorenzen,4,card,21.2,,,+371,,,park +9%,97F · wind out 7,LvR +8%,heat +2%,void,
2026-07-21,Drake Baldwin,ATL,,Walker Buehler,1,card,21.2,,,+372,,,park +4%,88F · wind in 5,LvR +8%,heat -1%,no,0
2026-07-21,Zach Neto,LAA,,Matthew Liberatore,1,card,21.0,,,+376,,,park +4%,85F · wind out 7,RvL +12%,heat +14%,no,0
2026-07-21,Kyle Schwarber,PHI,,Justin Wrobleski,2,card,20.9,,,+379,,,park +9%,74F · wind out 4,LvL -22%,heat +10%,no,0
2026-07-21,Dominic Canzone,SEA,,Chase Burns,3,card,20.7,,,+384,,,park -4%,86F (roof: half),LvR +8%,heat +7%,no,0
2026-07-21,Miguel Vargas,CHW,,Kumar Rocker,3,card,20.7,,,+383,,,park +2%,104F (roof: half),RvR -3%,heat -3%,void,
2026-07-21,Jordan Walker,STL,,Walbert Ureña *,4,card,20.5,,,+387,,,park +4%,85F · wind out 7,RvR -3%,heat +6%,no,0
2026-07-21,Jose Siri,LAA,,Matthew Liberatore,8,card,20.5,,,+387,,,park +4%,85F · wind out 7,RvL +12%,heat +5%,no,0
2026-07-21,Luis García Jr.,WSN,,Michael Lorenzen,2,card,20.4,,,+389,,,park +9%,97F · wind out 7,LvR +8%,heat +2%,void,
2026-07-21,Max Muncy,LAD,,Zack Wheeler,4,card,20.3,,,+392,,,park +9%,74F · wind out 4,LvR +8%,,hr,1
2026-07-21,Curtis Mead,WSN,,Michael Lorenzen,5,card,20.2,,,+396,,,park +9%,97F · wind out 7,RvR -3%,heat +1%,void,
2026-07-21,Junior Caminero,TBR,,Kevin Gausman,3,card,20.2,,,+395,,,park +3% [low-conf],70F (roof: half),RvR -3%,heat -3%,void,
2026-07-21,Corbin Carroll,ARI,,Jack Perkins,3,card,20.1,,,+396,,,park +4%,100F (roof: half),LvR +8%,heat -1%,void,
2026-07-21,Luke Raley,SEA,,Chase Burns,6,card,20.1,,,+397,,,park -4%,86F (roof: half),LvR +8%,heat +4%,no,0
2026-07-21,Michael Harris II,ATL,,Walker Buehler,5,card,19.7,,,+408,,,park +4%,88F · wind in 5,LvR +8%,heat +5%,no,0
2026-07-22,Ben Rice,NYY,,Mitch Keller,2,proj,23.3,,,+330,,,park +14%,no wx,LvR +8%,heat +12%,hr,1
2026-07-22,Ben Rice,NYY,,Bubba Chandler,2,proj,22.0,,,+354,,,park +14%,no wx,LvR +8%,heat +10%,hr,1
2026-07-22,Esmerlyn Valdez,PIT,,Gerrit Cole,8,proj,21.4,,,+368,,,park +14%,no wx,RvR -3%,,no,0
2026-07-22,Willson Contreras,BOS,,Dean Kremer,4,proj,20.9,,,+379,,,park -7%,79F · wind out 8,RvR -3%,heat +3%,no,0
2026-07-22,Brandon Lowe,PIT,,Gerrit Cole,2,proj,20.8,,,+382,,,park +14%,no wx,LvR +8%,heat -1%,no,0
2026-07-22,Wilyer Abreu,BOS,,Dean Kremer,1,proj,20.4,,,+391,,,park -7%,79F · wind out 8,LvR +8%,heat -11%,no,0
2026-07-22,Esmerlyn Valdez,PIT,,Max Fried,8,proj,20.2,,,+394,,,park +14%,no wx,RvL +12%,heat +2%,no,0
2026-07-22,Trent Grisham,NYY,,Mitch Keller,4,proj,20.9,,,+378,,,park +14%,90F · wind out 10,LvR +8%,heat +1%,no,0
2026-07-22,Paul Goldschmidt,NYY,,Mitch Keller,5,proj,20.8,,,+380,,,park +14%,90F · wind out 10,RvR -3%,heat +0%,no,0
2026-07-22,Jazz Chisholm Jr.,NYY,,Mitch Keller,3,proj,20.5,,,+387,,,park +14%,90F · wind out 10,LvR +8%,heat +6%,no,0
2026-07-22,Paul Goldschmidt,NYY,,Bubba Chandler,5,proj,20.3,,,+393,,,park +14%,90F · wind out 10,RvR -3%,heat +2%,no,0
2026-07-22,Trent Grisham,NYY,,Bubba Chandler,4,proj,20.3,,,+393,,,park +14%,90F · wind out 10,LvR +8%,heat -3%,no,0
2026-07-22,Hunter Goodman,COL,,Cade Cavalli,3,card,24.2,,,+314,,,park +9%,84F,RvR -3%,heat +0%,no,0
2026-07-22,Max Muncy,LAD,,Aaron Nola,4,card,22.6,,,+343,,,park +9%,82F · wind out 4,LvR +8%,heat -10%,void,
2026-07-22,Shea Langeliers,ATH,,Merrill Kelly,3,card,22.5,,,+345,,,park +4%,104F (roof: half),RvR -3%,heat -3%,no,0
2026-07-22,Dominic Canzone,SEA,,Brady Singer,3,card,22.1,,,+353,,,park -4%,88F (roof: half),LvR +8%,heat +3%,no,0
2026-07-22,Mickey Moniak,COL,,Cade Cavalli,2,card,21.8,,,+359,,,park +9%,84F,LvR +8%,heat +4%,no,0
2026-07-22,Luke Raley,SEA,,Brady Singer,7,card,21.4,,,+368,,,park -4%,88F (roof: half),LvR +8%,heat -0%,no,0
2026-07-22,Nelson Velázquez,STL,,Reid Detmers,5,card,21.2,,,+373,,,park +4%,87F · wind out 7,RvL +12%,,no,0
2026-07-22,Jordan Walker,STL,,Reid Detmers,3,card,20.9,,,+379,,,park +4%,87F · wind out 7,RvL +12%,heat +9%,no,0
2026-07-22,Ketel Marte,ARI,,Gage Jump,1,card,20.9,,,+378,,,park +4%,104F (roof: half),SvL +12%,heat +15%,void,
2026-07-22,Mike Trout,LAA,,Hunter Dobbins,2,card,20.9,,,+379,,,park +4%,87F · wind out 7,RvR -3%,heat -0%,no,0
2026-07-22,Tyler Soderstrom,ATH,,Merrill Kelly,2,card,20.6,,,+387,,,park +4%,104F (roof: half),LvR +8%,heat -14%,no,0
2026-07-22,Shohei Ohtani,LAD,,Aaron Nola,1,card,25.5,,,+293,,,park +9%,78F,LvR +8%,heat -0%,no,0
2026-07-22,Kyle Schwarber,PHI,,Eric Lauer,2,card,24.1,,,+315,,,park +9%,78F,LvL -22%,,no,0
2026-07-22,Max Muncy,ATH,,Merrill Kelly,3,card,22.1,,,+352,,,park +4%,104F (roof: half),LvR +8%,heat -9%,no,0
2026-07-22,Yordan Alvarez,HOU,,Sandy Alcantara,2,card,21.8,,,+358,,,park +3%,94F (roof: half),LvR +8%,heat +5%,hr,1
2026-07-22,Drake Baldwin,ATL,,Michael King,1,card,20.5,,,+389,,,park +4%,85F · wind in 3,LvR +8%,heat -7%,no,0
2026-07-22,Matt Olson,ATL,,Michael King,3,card,20.5,,,+387,,,park +4%,85F · wind in 3,LvR +8%,heat -6%,no,0
2026-07-22,Miguel Vargas,CHW,,Tyler Alexander,3,card,20.2,,,+396,,,park +2%,85F · wind out 3 (roof: half),RvL +12%,heat -6%,void,
2026-07-22,Manny Machado,SDP,,Martín Pérez *,3,card,20.0,,,+399,,,park +4%,85F · wind in 3,RvL +12%,heat -1%,void,
2026-07-22,Cal Raleigh,SEA,,Brady Singer,6,card,19.8,,,+405,,,park -4%,89F (roof: half),SvR +8%,heat -1%,no,0
2026-07-22,Bryce Harper,PHI,,Eric Lauer,3,card,19.5,,,+413,,,park +9%,78F,LvL -22%,,no,0
2026-07-22,Freddie Freeman,LAD,,Aaron Nola,3,card,19.4,,,+415,,,park +9%,78F,LvR +8%,heat -6%,no,0
2026-07-22,CJ Abrams,WSN,,Gabriel Hughes,4,card,19.1,,,+424,,,park +9%,83F,LvR +8%,,void,
2026-07-23,Byron Buxton,MIN,,Gavin Williams,2,card,20.7,23.9,,+382,,,park -3%,75F · wind in 7,RvR -3%,heat +1%,no,0
2026-07-23,Junior Caminero,TBR,,Shane Bieber,3,card,20.3,22.6,,+393,,,park +3% [low-conf],70F · wind out 5 (roof: half),RvR -3%,heat +1%,no,0
2026-07-23,Matt Olson,ATL,,Kyle Hart,3,card,18.1,19.9,,+453,,,park +4%,86F,LvL -22%,,no,0
2026-07-23,Manny Machado,SDP,,Chris Sale,3,card,17.4,19.2,,+474,,,park +4%,86F,RvL +12%,heat +10%,no,0
2026-07-23,Drake Baldwin,ATL,,Kyle Hart,1,card,17.2,19.0,,+480,,,park +4%,86F,LvL -22%,,hr,1
2026-07-23,Ty France,SDP,,Chris Sale,4,card,16.4,18.1,,+511,,,park +4%,86F,RvL +12%,heat +3%,hr,1
2026-07-23,Kody Clemens,MIN,,Gavin Williams,5,card,16.2,18.0,,+515,,,park -3%,75F · wind in 7,LvR +8%,heat +6%,no,0
2026-07-23,Kazuma Okamoto,TOR,,Casey Legumina,6,card,15.8,17.5,,+532,,,park +3% [low-conf],70F · wind out 5 (roof: half),RvR -3%,heat -3%,no,0
2026-07-23,Ryan Jeffers,MIN,,Gavin Williams,3,card,15.5,17.2,,+545,,,park -3%,75F · wind in 7,RvR -3%,heat +0%,no,0
2026-07-23,Michael Harris II,ATL,,Kyle Hart,4,card,15.2,16.8,,+559,,,park +4%,86F,LvL -22%,,hr,1
2026-07-23,Victor Mesa Jr.,TBR,,Shane Bieber,4,card,13.7,15.2,,+630,,,park +3% [low-conf],70F · wind out 5 (roof: half),LvR +8%,heat -1%,no,0
2026-07-23,Jonathan Aranda,TBR,,Shane Bieber,2,card,12.9,14.4,,+673,,,park +3% [low-conf],70F · wind out 5 (roof: half),LvR +8%,heat +11%,no,0
2026-07-23,Brooks Lee,MIN,,Gavin Williams,1,card,12.7,14.1,,+688,,,park -3%,75F · wind in 7,SvR +8%,heat +7%,no,0
2026-07-23,Royce Lewis,MIN,,Gavin Williams,6,card,12.6,14.0,,+693,,,park -3%,75F · wind in 7,RvR -3%,heat +3%,no,0
2026-07-23,Josh Bell,MIN,,Gavin Williams,4,card,12.5,13.9,,+702,,,park -3%,75F · wind in 7,SvR +8%,heat +10%,no,0
2026-07-23,Ozzie Albies,ATL,,Kyle Hart,2,card,12.5,13.9,,+702,,,park +4%,86F,SvL +12%,heat +12%,hr,1
2026-07-23,Rhys Hoskins,CLE,,Taj Bradley,6,card,12.4,13.9,,+703,,,park -3%,75F · wind in 7,RvR -3%,heat -7%,no,0
2026-07-23,Yandy Díaz,TBR,,Shane Bieber,1,card,12.3,13.7,,+714,,,park +3% [low-conf],70F · wind out 5 (roof: half),RvR -3%,heat -3%,no,0
2026-07-23,José Ramírez,CLE,,Taj Bradley,2,card,14.4,16.0,,+594,,,park -3%,73F · wind in 6,SvR +8%,heat +4%,no,0
2026-07-23,Fernando Tatis Jr.,SDP,,Chris Sale,1,card,13.6,15.1,,+633,,,park +4%,89F,RvL +12%,heat +16%,no,0
2026-07-23,Jordan Walker,STL,,Brandon Pfaadt,2,card,19.3,21.2,,+417,,,park -7%,80F · wind in 4,RvR -3%,heat +4%,no,0
2026-07-23,Corbin Carroll,ARI,,Michael McGreevy,1,card,17.3,19.1,,+478,,,park -7%,80F · wind in 4,LvR +8%,heat -4%,void,
2026-07-23,Carter Jensen,KCR,,Troy Melton,1,card,16.6,18.4,,+501,,,park -5%,75F,LvR +8%,heat -6%,no,0
2026-07-23,Dillon Dingler,DET,,Randy Dobnak,5,card,16.3,18.1,,+512,,,park -5%,75F,RvR -3%,heat -1%,no,0
2026-07-23,Max Kepler,ARI,,Michael McGreevy,4,card,15.6,17.3,,+540,,,park -7%,80F · wind in 4,LvR +8%,,void,
2026-07-23,JJ Wetherholt,STL,,Brandon Pfaadt,1,card,15.4,17.0,,+551,,,park -7%,80F · wind in 4,LvR +8%,heat -7%,no,0
2026-07-23,Alec Burleson,STL,,Brandon Pfaadt,3,card,14.8,16.4,,+576,,,park -7%,80F · wind in 4,LvR +8%,heat -4%,no,0
2026-07-23,Riley Greene,DET,,Randy Dobnak,4,card,14.7,16.3,,+580,,,park -5%,75F,LvR +8%,heat -8%,no,0
2026-07-23,Kerry Carpenter,DET,,Randy Dobnak,6,card,14.5,16.0,,+591,,,park -5%,75F,LvR +8%,heat -1%,no,0
2026-07-23,George Springer,TOR,,Casey Legumina,4,card,13.3,14.8,,+650,,,park +3% [low-conf],64F · wind out 5 (roof: half),RvR -3%,heat +3%,no,0
2026-07-23,Salvador Perez,KCR,,Troy Melton,4,card,13.3,14.8,,+650,,,park -5%,75F,RvR -3%,heat +17%,no,0
2026-07-23,Spencer Torkelson,DET,,Randy Dobnak,7,card,13.0,14.5,,+668,,,park -5%,75F,RvR -3%,heat -8%,no,0
2026-07-24,Hunter Goodman,COL,,Shane Drohan,4,card,21.2,25.4,,+371,,,park +9%,76F · wind in 9 (roof: half),RvL +12%,heat +16%,no,0
2026-07-24,Jackson Chourio,MIL,,Tomoyuki Sugano,2,card,19.3,21.2,,+418,,,park +9%,76F · wind in 9 (roof: half),RvR -3%,heat -4%,no,0
2026-07-24,Yordan Alvarez,HOU,,Davis Martin,2,card,25.6,33.0,,+291,,,park +9%,75F · wind in 4,LvR +8%,heat +7%,no,0
2026-07-24,Byron Buxton,MIN,,Jacob Lopez,2,card,24.4,31.3,,+310,,,park -2%,79F,RvL +12%,heat +5%,no,0
2026-07-24,Ben Rice,NYY,,Jesús Luzardo,2,card,23.0,29.4,,+336,,,park +9%,77F · wind out 3,LvL -22%,heat -2%,no,0
2026-07-24,Kyle Schwarber,PHI,,Cam Schlittler,2,card,23.0,29.4,,+335,,,park +9%,77F · wind out 3,LvR +8%,heat +5%,no,0
2026-07-24,James Wood,WSN,,Eduardo Rodriguez *,1,card,22.3,28.5,,+348,,,park avg,78F,LvL -22%,heat +1%,no,0
2026-07-24,Joc Pederson,TEX,,Bryce Miller,1,card,22.0,27.7,,+355,,,park +2%,94F (roof: half),LvR +8%,heat +4%,no,0
2026-07-24,Juan Soto,NYM,,Roki Sasaki,2,card,21.5,26.3,,+365,,,park -4%,75F · wind out 3,LvR +8%,heat +2%,no,0
2026-07-24,Munetaka Murakami,CHW,,Spencer Arrighetti,2,card,21.3,25.5,,+370,,,park +9%,75F · wind in 4,LvR +8%,heat -2%,no,0
2026-07-24,Junior Caminero,TBR,,Joey Cantillo,3,card,21.2,25.4,,+371,,,park -4% [low-conf],dome,RvL +12%,heat +15%,no,0
2026-07-24,Esmerlyn Valdez,PIT,,Matthew Boyd,4,card,21.1,25.1,,+373,,,park -9%,75F,RvL +12%,heat +4%,no,0
2026-07-24,Ryan Jeffers,MIN,,Jacob Lopez,3,card,21.1,24.9,,+375,,,park -2%,79F,RvL +12%,heat +4%,no,0
2026-07-24,Drake Baldwin,ATL,,Trevor Rogers,1,card,21.0,24.6,,+377,,,park +4% [low-conf],77F,LvL -22%,heat +3%,hr,1
2026-07-24,Shea Langeliers,ATH,,Zebby Matthews,3,card,20.8,24.2,,+380,,,park -2%,79F,RvR -3%,heat +3%,no,0
2026-07-24,Dillon Dingler,DET,,Beck Way,3,card,20.7,23.8,,+383,,,park -5%,76F · wind in 5,RvR -3%,heat +1%,no,0
2026-07-24,Shohei Ohtani,LAD,,Sean Manaea,1,card,20.7,23.9,,+382,,,park -4%,75F · wind out 3,LvL -22%,heat +1%,no,0
2026-07-24,Ketel Marte,ARI,,Carson Palmquist,1,card,20.6,23.4,,+386,,,park avg,78F,SvL +12%,,void,
2026-07-24,Pete Alonso,BAL,,Grant Holmes,2,card,20.6,23.6,,+384,,,park +4% [low-conf],77F,RvR -3%,heat -1%,no,0
2026-07-24,Paul Goldschmidt,NYY,,Jesús Luzardo,1,card,20.4,22.9,,+390,,,park +9%,77F · wind out 3,RvL +12%,heat -2%,hr,1
2026-07-24,Matt Olson,ATL,,Trevor Rogers,3,card,20.3,22.7,,+392,,,park +4% [low-conf],77F,LvL -22%,heat +3%,hr,1
2026-07-24,Sal Stewart,CIN,,Dustin May,2,card,20.3,22.5,,+393,,,park -7%,72F,RvR -3%,heat +4%,no,0
2026-07-24,Colson Montgomery,CHW,,Spencer Arrighetti,4,card,20.1,22.1,,+397,,,park +9%,75F · wind in 4,LvR +8%,heat -7%,no,0
2026-07-24,Jordan Walker,STL,,Rhett Lowder,2,card,19.8,21.7,,+404,,,park -7%,72F,RvR -3%,heat +10%,no,0
2026-07-24,Pete Crow-Armstrong,CHC,,Jared Jones,1,card,19.6,21.4,,+411,,,park -9%,75F,LvR +8%,heat -4%,hr,1
2026-07-24,Tyler Soderstrom,ATH,,Zebby Matthews,2,card,19.4,21.3,,+415,,,park -2%,79F,LvR +8%,heat +3%,no,0
2026-07-24,Curtis Mead,WSN,,Eduardo Rodriguez *,2,card,18.9,20.8,,+428,,,park avg,78F,RvL +12%,heat -3%,no,0
2026-07-24,Dominic Canzone,SEA,,MacKenzie Gore,3,card,18.9,20.8,,+428,,,park +2%,94F (roof: half),LvL -22%,heat +12%,no,0
2026-07-24,Kazuma Okamoto,TOR,,Patrick Sandoval,3,card,18.6,20.5,,+437,,,park -7%,77F,RvL +12%,,hr,1
2026-07-24,Miguel Vargas,CHW,,Spencer Arrighetti,3,card,18.6,20.4,,+438,,,park +9%,75F · wind in 4,RvR -3%,heat +2%,no,0
2026-07-25,James Wood,WSN,,Mitch Bratt,1,card,23.2,29.7,,+331,,,park avg,82F,LvL -22%,,no,0
2026-07-25,Dillon Dingler,DET,,Michael Wacha,4,card,20.2,22.4,,+394,,,park -5%,83F,RvR -3%,heat +0%,no,0
2026-07-25,Curtis Mead,WSN,,Mitch Bratt,2,card,19.9,21.7,,+403,,,park avg,82F,RvL +12%,,no,0
2026-07-25,Mike Trout,LAA,,Robbie Ray,2,card,19.7,21.6,,+407,,,park -14%,70F · wind out 14,RvL +12%,heat -1%,no,0
2026-07-25,Zach Neto,LAA,,Robbie Ray,1,card,18.8,20.7,,+431,,,park -14%,70F · wind out 14,RvL +12%,heat +5%,no,0
2026-07-25,Yordan Alvarez,HOU,,Sean Burke,2,card,26.4,34.3,,+278,,,park +9%,no wx,LvR +8%,heat +4%,no,0
2026-07-25,Byron Buxton,MIN,,Brady Basso,2,card,24.1,31.0,,+314,,,park -2%,85F,RvL +12%,,no,0
2026-07-25,Ben Rice,NYY,,Tim Mayza,2,card,23.0,29.4,,+335,,,park +9%,76F,LvL -22%,heat -2%,no,0
2026-07-25,Hunter Goodman,COL,,Robert Gasser,4,card,22.2,28.2,,+351,,,park +9%,78F (roof: half),RvL +12%,heat +18%,no,0
2026-07-25,Kyle Schwarber,PHI,,Ryan Weathers,2,card,22.2,28.2,,+351,,,park +9%,76F,LvL -22%,heat +7%,no,0
2026-07-25,Drake Baldwin,ATL,,Brandon Young,1,card,21.7,26.7,,+362,,,park +4% [low-conf],77F,LvR +8%,heat -3%,no,0
2026-07-25,Esmerlyn Valdez,PIT,,Shota Imanaga,4,card,21.7,26.7,,+362,,,park -9%,79F,RvL +12%,heat +3%,no,0
2026-07-25,Joc Pederson,TEX,,Bryan Woo,1,card,21.7,26.9,,+360,,,park +2%,98F (roof: half),LvR +8%,heat +3%,no,0
2026-07-25,Junior Caminero,TBR,,Tanner Bibee,3,card,21.4,25.9,,+368,,,park -4% [low-conf],dome,RvR -3%,heat -1%,no,0
2026-07-25,Munetaka Murakami,CHW,,Hunter Brown,2,card,21.1,25.0,,+374,,,park +9%,no wx,LvR +8%,heat +2%,no,0
2026-07-25,Matt Olson,ATL,,Brandon Young,3,card,20.9,24.5,,+378,,,park +4% [low-conf],77F,LvR +8%,heat -2%,no,0
2026-07-25,Nick Kurtz,ATH,,Mike Paredes,2,card,20.9,24.4,,+378,,,park -2%,85F,LvR +8%,heat +3%,no,0
2026-07-25,Sal Stewart,CIN,,Andre Pallante,2,card,20.8,24.0,,+382,,,park -7%,90F,RvR -3%,heat -2%,no,0
2026-07-25,Dominic Canzone,SEA,,Nathan Eovaldi,3,card,20.7,23.8,,+383,,,park +2%,98F (roof: half),LvR +8%,heat -3%,no,0
2026-07-25,Shohei Ohtani,LAD,,Nolan McLean,1,card,20.7,23.9,,+382,,,park -4%,74F,LvR +8%,heat -0%,no,0
2026-07-25,Pete Alonso,BAL,,Bryce Elder,2,card,20.6,23.6,,+385,,,park +4% [low-conf],77F,RvR -3%,heat +3%,no,0
2026-07-25,Jordan Walker,STL,,Hunter Greene,2,card,20.3,22.5,,+393,,,park -7%,90F,RvR -3%,,no,0
2026-07-25,Elly De La Cruz,CIN,,Andre Pallante,1,card,19.9,21.8,,+402,,,park -7%,90F,SvR +8%,heat +8%,no,0
2026-07-25,Pete Crow-Armstrong,CHC,,Paul Skenes,1,card,19.8,21.7,,+405,,,park -9%,79F,LvR +8%,heat -3%,hr,1
2026-07-25,Colson Montgomery,CHW,,Hunter Brown,4,card,19.7,21.5,,+409,,,park +9%,no wx,LvR +8%,heat -1%,no,0
2026-07-25,Jackson Chourio,MIL,,Ryan Feltner,2,card,19.3,21.2,,+417,,,park +9%,78F (roof: half),RvR -3%,heat -4%,no,0
2026-07-25,Kody Clemens,MIN,,Brady Basso,3,card,18.9,20.7,,+429,,,park -2%,85F,LvL -22%,,no,0
2026-07-25,Paul Goldschmidt,NYY,,Tim Mayza,3,card,18.9,20.8,,+428,,,park +9%,76F,RvL +12%,heat +0%,no,0
2026-07-25,Trea Turner,PHI,,Ryan Weathers,1,card,18.7,20.5,,+436,,,park +9%,76F,RvL +12%,heat -5%,no,0
2026-07-25,Wyatt Langford,TEX,,Bryan Woo,2,card,18.4,20.2,,+444,,,park +2%,98F (roof: half),RvR -3%,heat +0%,no,0
2026-07-25,Michael Harris II,ATL,,Brandon Young,4,card,18.3,20.1,,+448,,,park +4% [low-conf],77F,LvR +8%,heat +1%,no,0
2026-07-25,Corbin Carroll,ARI,,Foster Griffin,1,card,18.1,19.9,,+452,,,park avg,79F,LvL -22%,heat +6%,void,
2026-07-26,James Wood,WSN,,Kohl Drake *,1,card,22.6,28.8,,+343,,,park avg,83F,LvL -22%,,hr,2
2026-07-26,Esmerlyn Valdez,PIT,,Jameson Taillon,4,card,21.6,26.6,,+362,,,park -9%,79F,RvR -3%,heat -0%,hr,1
2026-07-26,Brandon Lowe,PIT,,Jameson Taillon,2,card,21.2,25.3,,+372,,,park -9%,79F,LvR +8%,heat -9%,no,0
2026-07-26,Junior Caminero,TBR,,Parker Messick,3,card,21.1,24.9,,+374,,,park -4% [low-conf],dome,RvL +12%,heat +11%,no,0
2026-07-26,Corbin Carroll,ARI,,Miles Mikolas,1,card,20.6,23.5,,+385,,,park avg,83F,LvR +8%,heat +5%,void,
2026-07-26,Pete Crow-Armstrong,CHC,,Braxton Ashcraft,1,card,20.6,23.5,,+385,,,park -9%,79F,LvR +8%,heat +2%,no,0
2026-07-26,Ketel Marte,ARI,,Miles Mikolas,4,card,19.2,21.1,,+420,,,park avg,83F,SvR +8%,heat +4%,void,
2026-07-26,Yordan Alvarez,HOU,,Erick Fedde,2,card,28.2,36.8,,+255,,,park +9%,85F · wind in 3,LvR +8%,heat -1%,no,0
2026-07-26,Byron Buxton,MIN,,Jeffrey Springs,2,card,26.5,34.3,,+278,,,park -2%,96F · wind out 3,RvL +12%,heat +2%,no,0
2026-07-26,Ryan Jeffers,MIN,,Jeffrey Springs,3,card,22.2,28.2,,+351,,,park -2%,96F · wind out 3,RvL +12%,heat +3%,no,0
2026-07-26,Joc Pederson,TEX,,Logan Gilbert,1,card,21.8,27.1,,+358,,,park +2%,99F (roof: half),LvR +8%,heat +6%,no,0
2026-07-26,Drake Baldwin,ATL,,Shane Baz,1,card,21.6,26.5,,+363,,,park +4% [low-conf],83F,LvR +8%,heat -0%,no,0
2026-07-26,Munetaka Murakami,CHW,,Ronel Blanco *,2,card,21.6,26.4,,+364,,,park +9%,85F · wind in 3,LvR +8%,,hr,2
2026-07-26,Hunter Goodman,COL,,Jacob Misiorowski,3,card,21.3,25.6,,+369,,,park +9%,84F · wind in 6 (roof: half),RvR -3%,heat -1%,no,0
2026-07-26,Jordan Walker,STL,,Andrew Abbott,2,card,20.9,24.5,,+378,,,park -7%,99F,RvL +12%,heat -7%,no,0
2026-07-26,Matt Olson,ATL,,Shane Baz,3,card,20.9,24.5,,+378,,,park +4% [low-conf],83F,LvR +8%,heat +5%,no,0
2026-07-26,Jackson Chourio,MIL,,Kyle Freeland,1,card,20.7,23.7,,+384,,,park +9%,84F · wind in 6 (roof: half),RvL +12%,heat +9%,no,0
2026-07-26,Pete Alonso,BAL,,Reynaldo López *,2,card,20.6,23.4,,+386,,,park +4% [low-conf],83F,RvR -3%,heat +5%,hr,1
2026-07-26,Dominic Canzone,SEA,,Jacob deGrom,3,card,20.4,22.8,,+391,,,park +2%,99F (roof: half),LvR +8%,heat +1%,hr,1
2026-07-26,Elly De La Cruz,CIN,,Kyle Leahy,1,card,20.3,22.5,,+393,,,park -7%,99F,SvR +8%,heat +2%,hr,1
2026-07-26,Nick Kurtz,ATH,,Connor Prielipp,2,card,20.2,22.2,,+396,,,park -2%,96F · wind out 3,LvL -22%,heat -2%,hr,1
2026-07-26,Miguel Vargas,CHW,,Ronel Blanco *,3,card,19.1,20.9,,+424,,,park +9%,85F · wind in 3,RvR -3%,,hr,1
2026-07-26,Mike Trout,LAA,,Carson Whisenhunt,2,card,19.0,20.9,,+425,,,park -14%,66F · wind out 12,RvL +12%,heat -1%,no,0
2026-07-26,Dillon Dingler,DET,,Luinder Avila,5,card,18.8,20.6,,+432,,,park -5%,87F,RvR -3%,heat -7%,no,0
2026-07-26,Kody Clemens,MIN,,Jeffrey Springs,5,card,18.6,20.5,,+437,,,park -2%,96F · wind out 3,LvL -22%,heat -6%,no,0
2026-07-26,Ben Rice,NYY,,Cristopher Sánchez *,2,card,23.9,30.8,,+318,,,park +9%,79F · wind out 5,LvL -22%,heat +3%,hr,1
2026-07-26,Kyle Schwarber,PHI,,Will Warren,2,card,23.7,30.5,,+321,,,park +9%,79F · wind out 5,LvR +8%,heat +3%,no,0
2026-07-26,Paul Goldschmidt,NYY,,Cristopher Sánchez *,1,card,21.0,24.8,,+375,,,park +9%,79F · wind out 5,RvL +12%,heat -7%,no,0
2026-07-26,Bryce Harper,PHI,,Will Warren,3,card,19.1,21.0,,+423,,,park +9%,79F · wind out 5,LvR +8%,heat +8%,no,0
2026-07-26,Wyatt Langford,TEX,,Logan Gilbert,2,card,18.5,20.4,,+440,,,park +2%,98F (roof: half),RvR -3%,heat -3%,no,0
2026-07-26,Zach Neto,LAA,,Carson Whisenhunt,1,card,18.5,20.3,,+441,,,park -14%,67F · wind out 17,RvL +12%,heat +5%,no,0
2026-07-26,JJ Bleday,CIN,,Kyle Leahy,3,card,18.4,20.3,,+442,,,park -7%,97F · wind out 5,LvR +8%,heat +2%,no,0
2026-07-27,Joc Pederson,TEX,,George Kirby,1,card,21.5,26.3,,+364,,,park +2%,100F (roof: half),LvR +8%,heat +6%,hr,2
2026-07-27,Dominic Canzone,SEA,,Kumar Rocker,3,card,20.5,23.1,,+388,,,park +2%,100F (roof: half),LvR +8%,heat +3%,no,0
2026-07-27,Yordan Alvarez,HOU,,Walbert Ureña *,1,proj,29.2,38.2,,+242,,,park +4%,88F · wind out 7,LvR +8%,heat +1%,no,0
2026-07-27,James Wood,WSN,,Max Scherzer,1,card,26.3,34.1,,+280,,,park avg,88F,LvR +8%,heat +6%,no,0
2026-07-27,Ben Rice,NYY,,Noah Schultz,2,card,23.9,30.7,,+319,,,park +9%,74F · wind in 5,LvL -22%,heat +10%,no,0
2026-07-27,Sal Stewart,CIN,,Slade Cecconi,2,card,22.6,28.9,,+342,,,park +25%,88F · wind out 4,RvR -3%,heat +2%,void,
2026-07-27,Elly De La Cruz,CIN,,Slade Cecconi,1,card,21.8,27.2,,+358,,,park +25%,88F · wind out 4,SvR +8%,heat +7%,void,
2026-07-27,Kyle Schwarber,PHI,,Tyler Phillips,2,card,21.7,26.7,,+362,,,park -9%,86F (roof: half),LvR +8%,heat -0%,no,0
2026-07-27,Esmerlyn Valdez,PIT,,Merrill Kelly,4,card,21.3,25.6,,+370,,,park -9%,86F · wind out 3,RvR -3%,heat -3%,no,0
2026-07-27,Nick Kurtz,ATH,,Payton Tolle,1,proj,21.3,25.7,,+368,,,park +6% [low-conf],91F,LvL -22%,heat +10%,no,0
2026-07-27,Dillon Dingler,DET,,Kyle Bradish,2,card,21.0,24.8,,+375,,,park -5%,86F,RvR -3%,heat -10%,no,0
2026-07-27,Jordan Walker,STL,,David Peterson,2,card,20.9,24.3,,+379,,,park -7%,99F · wind out 9,RvL +12%,heat -3%,no,0
2026-07-27,Wilyer Abreu,BOS,,Jack Perkins,1,proj,20.9,24.5,,+378,,,park +6% [low-conf],91F,LvR +8%,heat +8%,no,0
2026-07-27,Willson Contreras,BOS,,Jack Perkins,4,proj,20.8,24.2,,+380,,,park +6% [low-conf],91F,RvR -3%,heat +7%,no,0
2026-07-27,Brandon Lowe,PIT,,Merrill Kelly,2,card,20.6,23.5,,+385,,,park -9%,86F · wind out 3,LvR +8%,heat -9%,no,0
2026-07-27,JJ Bleday,CIN,,Slade Cecconi,3,card,20.6,23.4,,+386,,,park +25%,88F · wind out 4,LvR +8%,heat +2%,void,
2026-07-27,Mike Trout,LAA,,Tatsuya Imai,2,card,20.6,23.5,,+386,,,park +4%,88F · wind out 7,RvR -3%,heat +3%,no,0
2026-07-27,Pete Crow-Armstrong,CHC,,Matthew Liberatore,1,card,20.6,23.4,,+386,,,park -7%,99F · wind out 9,LvL -22%,heat +3%,no,0
2026-07-27,CJ Abrams,WSN,,Max Scherzer,4,card,20.4,22.9,,+390,,,park avg,88F,LvR +8%,heat -2%,no,0
2026-07-27,Munetaka Murakami,CHW,,Max Fried,2,card,20.4,22.8,,+391,,,park +9%,74F · wind in 5,LvL -22%,,no,0
2026-07-27,Randal Grichuk,CHW,,Max Fried,1,card,20.4,23.0,,+389,,,park +9%,74F · wind in 5,RvL +12%,heat -2%,no,0
2026-07-27,Seiya Suzuki,CHC,,Matthew Liberatore,2,card,20.3,22.5,,+393,,,park -7%,99F · wind out 9,RvL +12%,heat +7%,no,0
2026-07-27,Zach Neto,LAA,,Tatsuya Imai,1,card,20.2,22.3,,+395,,,park +4%,88F · wind out 7,RvR -3%,heat +2%,no,0
2026-07-27,Nathaniel Lowe,CIN,,Slade Cecconi,5,card,19.8,21.7,,+405,,,park +25%,88F · wind out 4,LvR +8%,heat +3%,void,
2026-07-27,Drake Baldwin,ATL,,Zac Thornton,2,card,19.7,21.6,,+408,,,park -4%,80F · wind out 5,LvL -22%,heat +4%,no,0
2026-07-27,Luis García Jr.,WSN,,Max Scherzer,2,card,19.5,21.4,,+413,,,park avg,88F,LvR +8%,heat +14%,no,0
2026-07-27,Pete Alonso,BAL,,Keider Montero,2,card,19.5,21.4,,+412,,,park -5%,86F,RvR -3%,heat +8%,no,0
2026-07-27,Matt Olson,ATL,,Zac Thornton,3,card,19.4,21.3,,+414,,,park -4%,80F · wind out 5,LvL -22%,heat -2%,no,0
2026-07-27,Paul Goldschmidt,NYY,,Noah Schultz,3,card,19.2,21.0,,+421,,,park +9%,74F · wind in 5,RvL +12%,heat +3%,no,0
2026-07-27,Eugenio Suárez,CIN,,Slade Cecconi,4,card,18.9,20.8,,+428,,,park +25%,88F · wind out 4,RvR -3%,heat +4%,void,
2026-07-28,Sal Stewart,CIN,,Slade Cecconi,1,proj,24.9,32.1,,+302,,,park +25%,88F · wind out 7,RvR -3%,heat +2%,hr,1
2026-07-28,Elly De La Cruz,CIN,,Slade Cecconi,2,proj,21.7,26.7,,+362,,,park +25%,88F · wind out 7,SvR +8%,heat +7%,no,0
2026-07-28,JJ Bleday,CIN,,Slade Cecconi,3,proj,20.9,24.4,,+378,,,park +25%,88F · wind out 7,LvR +8%,heat +2%,no,0
2026-07-28,Nathaniel Lowe,CIN,,Slade Cecconi,5,proj,20.3,22.7,,+392,,,park +25%,88F · wind out 7,LvR +8%,heat +3%,no,0
2026-07-28,James Wood,WSN,,Shane Bieber,1,card,26.6,34.5,,+276,,,park avg,86F · wind out 11,LvR +8%,,no,0
2026-07-28,Yordan Alvarez,HOU,,Reid Detmers,1,proj,26.4,34.2,,+279,,,park +4%,86F · wind out 5,LvL -22%,heat +6%,hr,1
2026-07-28,Ben Rice,NYY,,Anthony Kay,2,card,24.0,30.9,,+316,,,park +9%,69F · wind out 6,LvL -22%,heat -0%,no,0
2026-07-28,Byron Buxton,MIN,,Seth Lugo,2,card,23.4,30.0,,+327,,,park -2%,89F,RvR -3%,heat +7%,no,0
2026-07-28,Joc Pederson,TEX,,Griffin Jax,1,card,23.1,29.6,,+332,,,park -4% [low-conf],dome,LvR +8%,heat -0%,no,0
2026-07-28,Sal Stewart,CIN,,Gavin Williams,2,card,22.8,29.1,,+339,,,park +25%,86F · wind out 7,RvR -3%,heat -1%,no,0
2026-07-28,Elly De La Cruz,CIN,,Gavin Williams,1,card,21.9,27.5,,+356,,,park +25%,86F · wind out 7,SvR +8%,heat +9%,no,0
2026-07-28,Munetaka Murakami,CHW,,Gerrit Cole,2,card,21.9,27.5,,+356,,,park +9%,69F · wind out 6,LvR +8%,heat +7%,no,0
2026-07-28,Junior Caminero,TBR,,Cal Quantrill,3,card,21.7,26.9,,+360,,,park -4% [low-conf],dome,RvR -3%,heat +8%,no,0
2026-07-28,Matt Olson,ATL,,Christian Scott,1,proj,21.5,26.2,,+365,,,park -4%,78F · wind out 9,LvR +8%,heat +7%,void,
2026-07-28,Hunter Goodman,COL,,Michael King,3,card,21.3,25.7,,+369,,,park -4%,80F,RvR -3%,heat +5%,no,0
2026-07-28,Nick Kurtz,ATH,,Jake Bennett,1,proj,21.3,25.5,,+370,,,park +6% [low-conf],92F,LvL -22%,heat +7%,no,0
2026-07-28,Shohei Ohtani,LAD,,Luis Castillo,2,proj,21.2,25.4,,+371,,,park +5%,88F · wind out 5,LvR +8%,heat +6%,hr,1
2026-07-28,Paul Goldschmidt,NYY,,Anthony Kay,1,card,20.9,24.5,,+378,,,park +9%,69F · wind out 6,RvL +12%,heat -5%,no,0
2026-07-28,Willson Contreras,BOS,,Gage Jump,4,proj,20.8,24.2,,+380,,,park +6% [low-conf],92F,RvL +12%,heat +9%,no,0
2026-07-28,Esmerlyn Valdez,PIT,,Brandon Pfaadt,4,card,20.7,23.9,,+383,,,park -9%,80F · wind out 7,RvR -3%,heat -0%,no,0
2026-07-28,JJ Bleday,CIN,,Gavin Williams,3,card,20.7,23.8,,+383,,,park +25%,86F · wind out 7,LvR +8%,heat +10%,hr,1
2026-07-28,Nathaniel Lowe,CIN,,Gavin Williams,4,card,20.6,23.6,,+385,,,park +25%,86F · wind out 7,LvR +8%,heat +9%,no,0
2026-07-28,Ryan Jeffers,MIN,,Seth Lugo,3,card,20.6,23.6,,+384,,,park -2%,89F,RvR -3%,heat +5%,no,0
2026-07-28,CJ Abrams,WSN,,Shane Bieber,4,card,20.5,23.3,,+387,,,park avg,86F · wind out 11,LvR +8%,,no,0
2026-07-28,Dillon Dingler,DET,,Dean Kremer,4,card,20.4,23.0,,+389,,,park -5%,79F · wind out 8,RvR -3%,heat -0%,no,0
2026-07-28,Jordan Walker,STL,,Colin Rea,2,card,20.4,23.0,,+390,,,park -7%,90F,RvR -3%,heat -2%,no,0
2026-07-28,Mickey Moniak,COL,,Michael King,2,card,20.4,22.9,,+390,,,park -4%,80F,LvR +8%,heat -1%,hr,1
2026-07-28,Pete Crow-Armstrong,CHC,,Michael McGreevy,1,card,20.4,23.0,,+389,,,park -7%,90F,LvR +8%,heat -4%,no,0
2026-07-28,Colson Montgomery,CHW,,Gerrit Cole,4,card,20.3,22.6,,+393,,,park +9%,69F · wind out 6,LvR +8%,heat +4%,no,0
2026-07-28,Pete Alonso,BAL,,Troy Melton,2,card,20.1,22.1,,+397,,,park -5%,79F · wind out 8,RvR -3%,heat +3%,no,0
2026-07-29,James Wood,WSN,,Trey Yesavage,1,card,23.0,29.4,,+335,,,park avg,84F · wind in 4,LvR +8%,heat -2%,no,0
2026-07-29,Kazuma Okamoto,TOR,,Zack Littell,3,card,21.0,24.8,,+375,,,park avg,84F · wind in 4,RvR -3%,heat +4%,no,0
2026-07-29,Matt Olson,ATL,,Sean Manaea,1,proj,21.0,24.8,,+376,,,park -4%,77F · wind in 4,LvL -22%,heat +0%,hr,1
2026-07-29,Esmerlyn Valdez,PIT,,Eduardo Rodriguez *,4,card,20.8,24.0,,+381,,,park -9%,77F · wind out 8,RvL +12%,heat +0%,no,0
2026-07-29,Pete Alonso,BAL,,Tarik Skubal,2,card,19.9,21.8,,+403,,,park -5%,82F · wind out 8,RvL +12%,heat +4%,no,0
2026-07-29,Dillon Dingler,DET,,Trevor Rogers,4,card,19.8,21.7,,+406,,,park -5%,82F · wind out 8,RvL +12%,heat +10%,no,0
2026-07-29,Brandon Lowe,PIT,,Eduardo Rodriguez *,2,card,18.6,20.5,,+437,,,park -9%,77F · wind out 8,LvL -22%,heat +1%,no,0
2026-07-29,Yordan Alvarez,HOU,,Grayson Rodriguez,1,proj,29.9,39.1,,+234,,,park +4%,87F · wind out 6,LvR +8%,heat +7%,no,0
2026-07-29,Ben Rice,NYY,,Davis Martin,2,card,24.6,31.7,,+307,,,park +9%,72F,LvR +8%,heat +7%,no,0
2026-07-29,Sal Stewart,CIN,,Joey Cantillo,2,card,22.4,28.6,,+346,,,park +25%,83F · wind out 4,RvL +12%,heat +2%,no,0
2026-07-29,Hunter Goodman,COL,,Kyle Hart,3,card,22.0,27.6,,+355,,,park -4%,80F · wind out 3,RvL +12%,heat +8%,no,0
2026-07-29,Junior Caminero,TBR,,MacKenzie Gore,3,card,21.5,26.2,,+365,,,park -4% [low-conf],dome,RvL +12%,heat +18%,no,0
2026-07-29,Shohei Ohtani,LAD,,Emerson Hancock,2,proj,21.5,26.2,,+365,,,park +5%,86F · wind out 5,LvR +8%,heat +4%,no,0
2026-07-29,Nick Kurtz,ATH,,Patrick Sandoval,1,proj,21.4,26.0,,+367,,,park +6% [low-conf],93F · wind out 3,LvL -22%,,no,0
2026-07-29,Elly De La Cruz,CIN,,Joey Cantillo,1,card,21.2,25.4,,+371,,,park +25%,83F · wind out 4,SvL +12%,heat +6%,no,0
2026-07-29,Munetaka Murakami,CHW,,Cam Schlittler,2,card,21.2,25.4,,+371,,,park +9%,72F,LvR +8%,heat +7%,hr,1
2026-07-29,Willson Contreras,BOS,,Jacob Lopez,4,proj,21.2,25.3,,+371,,,park +6% [low-conf],93F · wind out 3,RvL +12%,heat +5%,no,0
2026-07-29,Drake Baldwin,ATL,,Christian Scott,1,card,20.7,23.7,,+384,,,park -4%,76F,LvR +8%,heat -2%,no,0
2026-07-29,Drake Baldwin,ATL,,Sean Manaea,1,card,20.6,23.5,,+385,,,park -4%,76F,LvL -22%,heat +1%,no,0
2026-07-29,Jordan Walker,STL,,Matthew Boyd,2,card,20.3,22.5,,+393,,,park -7%,87F · wind in 4,RvL +12%,heat +1%,no,0
2026-07-29,Wilyer Abreu,BOS,,Jacob Lopez,1,proj,20.3,22.5,,+393,,,park +6% [low-conf],93F · wind out 3,LvL -22%,heat +4%,no,0
2026-07-29,Zach Neto,LAA,,Hayden Wesneski *,1,proj,20.2,22.2,,+396,,,park +4%,87F · wind out 6,,,no,0
2026-07-29,Matt Olson,ATL,,Christian Scott,3,card,20.1,22.0,,+397,,,park -4%,76F,LvR +8%,heat +7%,no,0
2026-07-29,Wyatt Langford,TEX,,Casey Legumina,1,card,20.1,22.0,,+398,,,park -4% [low-conf],dome,RvR -3%,heat -1%,no,0
2026-07-29,Pete Crow-Armstrong,CHC,,Dustin May,1,card,20.0,21.9,,+401,,,park -7%,87F · wind in 4,LvR +8%,heat -3%,hr,1
2026-07-29,Kody Clemens,MIN,,Randy Dobnak,3,card,19.9,21.8,,+402,,,park -2%,92F,LvR +8%,,no,0
2026-07-29,Mike Trout,LAA,,Hayden Wesneski *,3,proj,19.9,21.8,,+402,,,park +4%,87F · wind out 6,,,no,0
2026-07-29,Christian Walker,HOU,,Grayson Rodriguez,3,proj,19.4,21.2,,+416,,,park +4%,87F · wind out 6,RvR -3%,heat +1%,no,0
2026-07-29,Max Muncy,LAD,,Emerson Hancock,5,proj,19.2,21.0,,+421,,,park +5%,86F · wind out 5,LvR +8%,heat +3%,no,0
2026-07-29,Colson Montgomery,CHW,,Cam Schlittler,4,card,18.9,20.8,,+429,,,park +9%,72F,LvR +8%,heat +7%,no,0
2026-07-29,Tyler Soderstrom,ATH,,Patrick Sandoval,2,proj,18.8,20.7,,+431,,,park +6% [low-conf],93F · wind out 3,LvL -22%,,no,0
2026-07-30,Junior Caminero,TBR,,Cole Winn,3,card,21.2,25.3,,+371,,,park -4% [low-conf],dome,RvR -3%,heat +2%,no,0
2026-07-30,Wyatt Langford,TEX,,Shane McClanahan,1,card,19.9,21.8,,+403,,,park -4% [low-conf],dome,RvL +12%,heat -0%,no,0
2026-07-30,Munetaka Murakami,CHW,,Ryan Weathers,2,card,22.8,29.1,,+339,,,park +9%,79F · wind in 5,LvL -22%,heat -0%,no,0
2026-07-30,Ben Rice,NYY,,Sean Burke,2,card,22.6,28.8,,+343,,,park +9%,79F · wind in 5,LvR +8%,heat +10%,no,0
2026-07-30,Pete Crow-Armstrong,CHC,,Andre Pallante,1,card,21.5,26.2,,+365,,,park -7%,89F,LvR +8%,heat +7%,no,0
2026-07-30,Miguel Vargas,CHW,,Ryan Weathers,3,card,21.0,24.7,,+377,,,park +9%,79F · wind in 5,RvL +12%,heat -0%,no,0
2026-07-30,Jordan Walker,STL,,Javier Assad,2,card,20.5,23.2,,+388,,,park -7%,89F,RvR -3%,heat +4%,no,0
2026-07-30,Ryan Jeffers,MIN,,Noah Cameron,2,card,19.9,21.8,,+401,,,park -2%,89F,RvL +12%,heat +3%,no,0
2026-07-30,Jac Caglianone,KCR,,Bailey Ober,3,card,19.3,21.1,,+419,,,park -2%,89F,LvR +8%,heat +11%,hr,1
2026-07-30,Randal Grichuk,CHW,,Ryan Weathers,4,card,19.3,21.1,,+419,,,park +9%,79F · wind in 5,RvL +12%,heat -2%,no,0
2026-07-30,Carter Jensen,KCR,,Bailey Ober,1,card,18.8,20.6,,+433,,,park -2%,89F,LvR +8%,heat -0%,no,0
2026-07-30,Matt Olson,ATL,,Jake Irvin,3,card,22.6,33.2,,+343,,,park +4%,88F · wind out 7,LvR +8%,heat +7%,no,0
2026-07-30,Drake Baldwin,ATL,,Jake Irvin,1,card,21.2,30.9,,+373,,,park +4%,88F · wind out 7,LvR +8%,heat +7%,no,0
2026-07-30,James Wood,WSN,,Grant Holmes,1,card,21.0,30.7,,+376,,,park +4%,88F · wind out 7,LvR +8%,heat -6%,no,0
2026-07-30,Nick Kurtz,ATH,,Sonny Gray,1,proj,19.6,28.5,,+409,,,park +6% [low-conf],94F,LvR +8%,heat +4%,no,0
2026-07-30,Elly De La Cruz,CIN,,Yohan Ramírez *,1,card,18.9,26.3,,+428,,,park +25%,85F · wind out 3,SvR +8%,heat -0%,no,0
2026-07-30,Brandon Lowe,PIT,,Rhett Lowder,2,proj,18.8,25.9,,+431,,,park +25%,85F · wind out 3,LvR +8%,heat +3%,hr,1
2026-07-30,Shohei Ohtani,LAD,,Bryan Woo,2,proj,18.7,25.5,,+434,,,park +5%,87F · wind out 5,LvR +8%,heat +5%,void,
2026-07-30,Sal Stewart,CIN,,Yohan Ramírez *,2,card,18.6,25.2,,+437,,,park +25%,85F · wind out 3,RvR -3%,heat -1%,no,0
2026-07-30,Wilyer Abreu,BOS,,Mason Barnett,1,proj,18.3,24.1,,+446,,,park +6% [low-conf],94F,LvR +8%,,hr,1
2026-07-30,JJ Bleday,CIN,,Yohan Ramírez *,3,card,18.2,23.7,,+450,,,park +25%,85F · wind out 3,LvR +8%,heat +1%,no,0
2026-07-30,Willson Contreras,BOS,,Mason Barnett,4,proj,18.2,23.7,,+449,,,park +6% [low-conf],94F,RvR -3%,,hr,1
2026-07-30,CJ Abrams,WSN,,Grant Holmes,4,card,18.1,23.5,,+452,,,park +4%,88F · wind out 7,LvR +8%,heat -3%,no,0
2026-07-30,Michael Harris II,ATL,,Jake Irvin,4,card,18.1,23.4,,+452,,,park +4%,88F · wind out 7,LvR +8%,heat +7%,no,0
2026-07-30,Ronald Acuña Jr.,ATL,,Jake Irvin,2,card,17.9,22.7,,+459,,,park +4%,88F · wind out 7,RvR -3%,heat +3%,hr,1
2026-07-30,Rafael Devers,SFG,,JP Sears,1,proj,17.8,22.5,,+461,,,park -4%,80F,LvL -22%,heat -1%,no,0
2026-07-30,Tyler Soderstrom,ATH,,Sonny Gray,2,proj,17.8,22.4,,+462,,,park +6% [low-conf],94F,LvR +8%,heat -0%,no,0
2026-07-30,Luis García Jr.,WSN,,Grant Holmes,2,card,17.7,22.2,,+464,,,park +4%,88F · wind out 7,LvR +8%,heat -6%,hr,1
2026-07-30,Bryan Reynolds,PIT,,Rhett Lowder,1,proj,16.9,21.1,,+490,,,park +25%,85F · wind out 3,SvR +8%,heat +1%,no,0
2026-07-30,Dominic Canzone,SEA,,Roki Sasaki,6,proj,16.8,20.9,,+495,,,park +5%,87F · wind out 5,LvR +8%,heat -3%,no,0
2026-07-30,Ty France,SDP,,TBD *,4,card,16.6,20.7,,+502,,,park -4%,80F,,,no,0
2026-07-31,Ben Rice,NYY,,Shota Imanaga,2,card,20.4,29.7,,+390,,,park avg,80F,LvL -22%,heat +4%,no,0
2026-07-31,Paul Goldschmidt,NYY,,Shota Imanaga,1,card,19.0,26.6,,+425,,,park avg,80F,RvL +12%,heat -1%,no,0
2026-07-31,Pete Crow-Armstrong,CHC,,Will Warren,1,card,18.1,23.5,,+452,,,park avg,80F,LvR +8%,heat +3%,no,0
2026-07-31,Yordan Alvarez,HOU,,Nathan Eovaldi,2,card,22.0,32.2,,+355,,,park +3%,94F (roof: half),LvR +8%,heat +8%,no,0
2026-07-31,Kyle Schwarber,PHI,,Brandon Young,2,card,21.5,31.5,,+365,,,park +4% [low-conf],84F,LvR +8%,heat +2%,no,0
2026-07-31,James Wood,WSN,,Bryce Elder,1,card,21.0,30.7,,+376,,,park +4%,90F,LvR +8%,heat +4%,no,0
2026-07-31,Brandon Lowe,PIT,,Hunter Greene,2,card,20.8,30.3,,+381,,,park +25%,87F · wind in 4,LvR +8%,heat +11%,no,0
2026-07-31,Mickey Moniak,COL,,Michael Wacha,2,card,20.1,29.1,,+399,,,park +9%,92F · wind in 5,LvR +8%,heat +6%,no,0
2026-07-31,Ronald Acuña Jr.,ATL,,Foster Griffin,1,card,19.4,27.7,,+417,,,park +4%,90F,RvL +12%,heat +7%,no,0
2026-07-31,Hunter Goodman,COL,,Michael Wacha,3,card,19.3,27.5,,+418,,,park +9%,92F · wind in 5,RvR -3%,heat +4%,no,0
2026-07-31,Nick Kurtz,ATH,,TBD *,1,proj,19.3,27.5,,+418,,,park +6% [low-conf],94F,,,no,0
2026-07-31,Munetaka Murakami,CHW,,Nick Martinez,2,card,19.2,27.2,,+421,,,park -4% [low-conf],dome,LvR +8%,heat +7%,hr,1
2026-07-31,Esmerlyn Valdez,PIT,,Hunter Greene,4,card,19.1,26.7,,+424,,,park +25%,87F · wind in 4,RvR -3%,heat +3%,no,0
2026-07-31,Jac Caglianone,KCR,,Tomoyuki Sugano,3,card,19.0,26.4,,+427,,,park +9%,92F · wind in 5,LvR +8%,heat -2%,no,0
2026-07-31,Luis García Jr.,WSN,,Bryce Elder,2,card,19.0,26.5,,+426,,,park +4%,90F,LvR +8%,heat +8%,no,0
2026-07-31,Spencer Torkelson,DET,,Jeffrey Springs,3,proj,19.0,26.5,,+426,,,park +6% [low-conf],94F,RvL +12%,heat -4%,no,0
2026-07-31,Dillon Dingler,DET,,Jeffrey Springs,4,proj,18.6,25.2,,+437,,,park +6% [low-conf],94F,RvL +12%,heat -2%,hr,1
2026-07-31,Junior Caminero,TBR,,Erick Fedde,3,card,18.6,25.1,,+438,,,park -4% [low-conf],dome,RvR -3%,heat -3%,hr,1
2026-07-31,Drake Baldwin,ATL,,Foster Griffin,2,card,18.5,24.6,,+442,,,park +4%,90F,LvL -22%,heat +3%,no,0
2026-07-31,Matt Olson,ATL,,Foster Griffin,3,card,18.5,24.8,,+440,,,park +4%,90F,LvL -22%,heat +2%,hr,1
2026-07-31,Joc Pederson,TEX,,Hunter Brown,1,card,18.4,24.6,,+442,,,park +3%,94F (roof: half),LvR +8%,heat +3%,hr,1
2026-07-31,Pete Alonso,BAL,,Andrew Painter,2,card,18.3,24.2,,+446,,,park +4% [low-conf],84F,RvR -3%,heat -2%,hr,1
2026-07-31,Elly De La Cruz,CIN,,Paul Skenes,1,card,18.2,23.8,,+449,,,park +25%,87F · wind in 4,SvR +8%,heat +2%,no,0
2026-07-31,CJ Abrams,WSN,,Bryce Elder,4,card,18.1,23.3,,+454,,,park +4%,90F,LvR +8%,heat -4%,hr,1
2026-07-31,Jake Bauers,MIL,,Ryan Johnson,3,proj,18.0,22.9,,+457,,,park +4%,90F · wind out 7,LvR +8%,heat -3%,hr,1
2026-07-31,Mike Trout,LAA,,Shane Drohan,2,card,18.0,22.9,,+457,,,park +4%,90F · wind out 7,RvL +12%,heat +13%,no,0
2026-07-31,Riley Greene,DET,,Jeffrey Springs,2,proj,17.9,22.8,,+458,,,park +6% [low-conf],94F,LvL -22%,heat +3%,no,0
2026-07-31,Sal Stewart,CIN,,Paul Skenes,2,card,17.9,22.9,,+457,,,park +25%,87F · wind in 4,RvR -3%,heat +1%,hr,1
2026-07-31,Bryce Harper,PHI,,Brandon Young,3,card,17.8,22.4,,+462,,,park +4% [low-conf],84F,LvR +8%,heat +9%,no,0
2026-07-31,Carter Jensen,KCR,,Tomoyuki Sugano,1,card,17.5,21.8,,+472,,,park +9%,92F · wind in 5,LvR +8%,heat -0%,hr,1
2026-08-01,Yordan Alvarez,HOU,,Jacob deGrom,2,card,22.1,32.4,,+352,255,-21.5,park +3%,92F · wind in 3 (roof: half),LvR +8%,heat +2%,no,0
2026-08-01,Munetaka Murakami,CHW,,Drew Rasmussen,2,card,21.5,31.4,,+366,750,82.5,park -4% [low-conf],dome,LvR +8%,heat +5%,no,0
2026-08-01,Matt Olson,ATL,,Miles Mikolas,3,card,21.4,31.3,,+367,310,-12.1,park +4%,no wx,LvR +8%,heat +1%,hr,1
2026-08-01,Kyle Schwarber,PHI,,Shane Baz,2,card,21.4,31.3,,+367,230,-29.4,park +4% [low-conf],87F,LvR +8%,heat +4%,no,0
2026-08-01,Joc Pederson,TEX,,Ronel Blanco,1,card,20.8,30.4,,+380,350,-6.3,park +3%,92F · wind in 3 (roof: half),LvR +8%,,no,0
2026-08-01,Drake Baldwin,ATL,,Miles Mikolas,1,card,19.7,28.6,,+408,330,-15.3,park +4%,no wx,LvR +8%,heat +4%,no,0
2026-08-01,James Wood,WSN,,Reynaldo López *,1,card,19.3,27.5,,+418,295,-23.8,park +4%,no wx,LvR +8%,heat -6%,no,0
2026-08-01,Junior Caminero,TBR,,Jordan Hicks,3,card,19.1,26.9,,+423,700,53.1,park -4% [low-conf],dome,RvR -3%,heat +0%,no,0
2026-08-01,Sal Stewart,CIN,,Braxton Ashcraft,2,card,19.1,26.8,,+424,360,-12.2,park +25%,79F · wind in 8,RvR -3%,heat +2%,no,0
2026-08-01,Shohei Ohtani,LAD,,Payton Tolle,1,card,19.1,26.9,,+423,260,-31.1,park +5%,94F · wind out 5,LvL -22%,heat +6%,no,0
2026-08-01,Esmerlyn Valdez,PIT,,Andrew Abbott,4,card,18.9,26.0,,+430,325,-19.8,park +25%,79F · wind in 8,RvL +12%,heat +2%,no,0
2026-08-01,Dillon Dingler,DET,,Jack Perkins,4,proj,18.8,25.7,,+433,310,-23.0,park +6% [low-conf],97F,RvR -3%,heat -4%,no,0
2026-08-01,Ben Rice,NYY,,David Peterson,1,proj,18.7,25.6,,+434,600,31.2,park avg,71F · wind in 14,LvL -22%,heat +10%,no,0
2026-08-01,Hunter Goodman,COL,,Luinder Avila,4,card,18.6,25.1,,+437,230,-38.6,park +9%,95F · wind in 5,RvR -3%,heat -1%,hr,2
2026-08-01,Pete Alonso,BAL,,Cristopher Sánchez *,4,card,18.5,24.7,,+442,390,-9.5,park +4% [low-conf],87F,RvL +12%,heat -0%,no,0
2026-08-01,CJ Abrams,WSN,,Reynaldo López *,4,card,18.5,24.6,,+442,390,-9.5,park +4%,no wx,LvR +8%,heat -2%,no,0
2026-08-01,Coby Mayo,BAL,,Cristopher Sánchez *,1,card,18.5,24.8,,+440,380,-11.1,park +4% [low-conf],87F,RvL +12%,heat +7%,no,0
2026-08-01,Carter Jensen,KCR,,Ryan Feltner,1,card,18.5,24.7,,+442,300,-26.1,park +9%,95F · wind in 5,LvR +8%,heat +4%,no,0
2026-08-01,Nick Kurtz,ATH,,Framber Valdez,1,proj,18.4,24.3,,+445,350,-17.4,park +6% [low-conf],97F,LvL -22%,heat -1%,void,
2026-08-01,Wilyer Abreu,BOS,,Yoshinobu Yamamoto,1,proj,18.3,24.1,,+447,425,-4.0,park +5%,94F · wind out 5,LvR +8%,heat +5%,no,0
2026-08-01,Zach Neto,LAA,,Robert Gasser,1,proj,18.3,24.0,,+447,350,-17.8,park +4%,92F · wind out 6,RvL +12%,heat +18%,no,0
2026-08-01,Christian Encarnacion-Strand,BAL,,Cristopher Sánchez *,6,card,18.2,23.6,,+451,575,22.5,park +4% [low-conf],87F,RvL +12%,,no,0
2026-08-01,Elly De La Cruz,CIN,,Braxton Ashcraft,1,card,18.2,23.7,,+450,375,-13.6,park +25%,79F · wind in 8,SvR +8%,heat +1%,no,0
2026-08-01,Willson Contreras,BOS,,Yoshinobu Yamamoto,4,proj,18.2,23.9,,+448,360,-16.1,park +5%,94F · wind out 5,RvR -3%,heat +8%,void,
2026-08-01,Jake Bauers,MIL,,Brent Suter,3,proj,18.2,23.7,,+450,,,park +4%,92F · wind out 6,LvL -22%,heat +10%,hr,1
2026-08-01,Mike Trout,LAA,,Robert Gasser,3,proj,18.1,23.5,,+452,360,-16.6,park +4%,92F · wind out 6,RvL +12%,heat +8%,no,0
2026-08-01,Rafael Devers,SFG,,Walker Buehler,1,proj,18.0,23.2,,+454,340,-20.6,park -4%,83F,LvR +8%,heat +3%,no,0
2026-08-01,Brandon Lowe,PIT,,Andrew Abbott,2,card,18.0,23.2,,+455,340,-20.7,park +25%,79F · wind in 8,LvL -22%,heat +7%,no,0
2026-08-01,Spencer Torkelson,DET,,Jack Perkins,3,proj,18.0,22.9,,+457,300,-28.2,park +6% [low-conf],97F,RvR -3%,heat -4%,no,0
2026-08-01,Bryce Harper,PHI,,Shane Baz,3,card,17.8,22.3,,+463,380,-14.7,park +4% [low-conf],87F,LvR +8%,heat +12%,no,0
2026-08-01,Colson Montgomery,CHW,,Drew Rasmussen,4,card,17.7,22.1,,+464,800,59.5,park -4% [low-conf],dome,LvR +8%,heat +2%,no,0
2026-08-01,Miguel Vargas,CHW,,Drew Rasmussen,3,card,16.8,20.9,,+497,800,50.9,park -4% [low-conf],dome,RvR -3%,heat +2%,no,0
2026-08-01,Ryan Jeffers,MIN,,Logan Gilbert,2,card,15.6,19.5,,+540,850,48.5,park -4%,69F · wind out 4 (roof: half),RvR -3%,heat +2%,no,0
2026-08-01,Victor Mesa Jr.,TBR,,Jordan Hicks,4,card,11.6,14.6,,+762,1300,62.4,park -4% [low-conf],dome,LvR +8%,,no,0
2026-08-01,Sam Antonacci,CHW,,Drew Rasmussen,1,card,11.5,14.6,,+768,2800,234.0,park -4% [low-conf],dome,LvR +8%,,no,0
2026-08-01,Braden Montgomery,CHW,,Drew Rasmussen,6,card,7.9,8.7,,+1167,2200,81.5,park -4% [low-conf],dome,SvR +8%,,no,0
2026-08-01,Tristan Peters,CHW,,Drew Rasmussen,7,card,7.5,8.2,,+1230,2400,87.9,park -4% [low-conf],dome,LvR +8%,,no,0
2026-08-01,Chase Meidroth,CHW,,Drew Rasmussen,8,card,6.5,7.1,,+1430,2400,63.4,park -4% [low-conf],dome,RvR -3%,,no,0
2026-08-02,Yordan Alvarez,HOU,,Kumar Rocker,2,card,21.6,31.3,,+364,265,-21.3,park +3%,92F · wind in 4 (roof: half),LvR +8%,heat +5%,no,0
2026-08-02,Matt Olson,ATL,,Cade Cavalli,3,card,21.0,30.2,,+376,,,park +4%,88F,LvR +8%,heat +5%,hr,1
2026-08-02,James Wood,WSN,,JR Ritchie,1,card,20.7,29.6,,+384,650,55.0,park +4%,88F,LvR +8%,heat +3%,no,0
2026-08-02,Ben Rice,NYY,,Colin Rea,2,card,19.6,27.7,,+410,540,25.6,park avg,68F · wind in 8,LvR +8%,heat +2%,no,0
2026-08-02,Munetaka Murakami,CHW,,Griffin Jax,2,card,19.5,27.4,,+413,525,21.8,park -4% [low-conf],dome,LvR +8%,heat -2%,no,0
2026-08-02,Drake Baldwin,ATL,,Cade Cavalli,1,card,19.2,26.8,,+422,650,43.7,park +4%,88F,LvR +8%,heat +5%,no,0
2026-08-02,Junior Caminero,TBR,,Anthony Kay,3,card,18.6,25.8,,+437,550,21.0,park -4% [low-conf],dome,RvL +12%,heat +8%,no,0
2026-08-02,Joc Pederson,TEX,,Peter Lambert,1,card,18.4,25.4,,+444,575,24.2,park +3%,92F · wind in 4 (roof: half),LvR +8%,heat +1%,no,0
2026-08-02,Brandon Lowe,PIT,,Chase Burns,2,card,18.1,24.9,,+452,420,-5.8,park +25%,75F,LvR +8%,heat +5%,no,0
2026-08-02,Elly De La Cruz,CIN,,Mitch Keller,1,card,18.1,24.9,,+452,330,-22.1,park +25%,75F,SvR +8%,heat +8%,no,0
2026-08-02,Esmerlyn Valdez,PIT,,Chase Burns,4,card,18.0,24.7,,+455,390,-11.8,park +25%,75F,RvR -3%,heat -1%,no,0
2026-08-02,Sal Stewart,CIN,,Mitch Keller,2,card,17.8,24.4,,+461,,,park +25%,75F,RvR -3%,heat +1%,hr,1
2026-08-02,Jordan Walker,STL,,Max Scherzer,2,card,17.2,23.1,,+482,600,20.2,park +3% [low-conf],71F · wind in 4 (roof: half),RvR -3%,,no,0
2026-08-02,CJ Abrams,WSN,,JR Ritchie,4,card,17.1,23.0,,+485,650,28.1,park +4%,88F,LvR +8%,heat -3%,no,0
2026-08-02,JJ Bleday,CIN,,Mitch Keller,3,card,17.1,23.1,,+484,390,-16.0,park +25%,75F,LvR +8%,heat +5%,no,0
2026-08-02,Kazuma Okamoto,TOR,,Matthew Liberatore,3,card,16.8,22.4,,+495,650,26.0,park +3% [low-conf],71F · wind in 4 (roof: half),RvL +12%,heat +6%,no,0
2026-08-02,Pete Crow-Armstrong,CHC,,Gerrit Cole,1,card,16.8,22.4,,+497,575,13.1,park avg,68F · wind in 8,LvR +8%,heat +6%,no,0
2026-08-02,Colson Montgomery,CHW,,Griffin Jax,4,card,16.5,21.8,,+507,650,23.6,park -4% [low-conf],dome,LvR +8%,heat -4%,no,0
2026-08-02,Luis Urías,TOR,,Matthew Liberatore,1,card,14.5,18.2,,+590,1000,59.5,park +3% [low-conf],71F · wind in 4 (roof: half),RvL +12%,,no,0
2026-08-02,Liam Hicks,MIA,,Robert Stock *,1,card,13.6,16.4,,+637,1100,62.8,park -4%,82F · wind out 7,LvR +8%,,no,0
2026-08-02,Ryan Vilade,TBR,,Anthony Kay,4,card,13.4,16.2,,+644,1400,101.5,park -4% [low-conf],dome,RvL +12%,,no,0
2026-08-02,Jonathan Aranda,TBR,,Anthony Kay,2,card,13.2,15.7,,+660,1200,71.0,park -4% [low-conf],dome,LvL -22%,,no,0
2026-08-02,Sam Antonacci,CHW,,Griffin Jax,1,card,11.9,14.5,,+740,1800,126.2,park -4% [low-conf],dome,LvR +8%,,no,0
2026-08-02,Nathan Church,STL,,Max Scherzer,8,card,8.9,10.1,,+1026,1800,68.7,park +3% [low-conf],71F · wind in 4 (roof: half),LvR +8%,,no,0
2026-08-02,Xavier Edwards,MIA,,Robert Stock *,4,card,7.2,7.5,,+1299,2200,64.5,park -4%,82F · wind out 7,SvR +8%,,no,0
2026-08-02,Kyle Schwarber,PHI,,Kyle Bradish,2,card,20.7,29.7,,+382,450,14.0,park +4% [low-conf],79F · wind out 3,LvR +8%,heat -4%,no,0
2026-08-02,Mickey Moniak,COL,,Seth Lugo,2,card,20.1,28.5,,+398,,,park +9%,103F,LvR +8%,heat +6%,no,0
2026-08-02,Dillon Dingler,DET,,Gage Jump,2,card,19.0,26.5,,+427,650,42.3,park +6% [low-conf],100F,RvL +12%,heat +9%,no,0
2026-08-02,Shohei Ohtani,LAD,,Jake Bennett,1,card,18.6,25.8,,+438,250,-34.9,park +5%,92F · wind out 5,LvL -22%,heat +10%,no,0
2026-08-02,Willson Contreras,BOS,,Emmet Sheehan,4,card,18.2,25.0,,+450,400,-9.1,park +5%,92F · wind out 5,RvR -3%,heat -7%,no,0
2026-08-02,Pete Alonso,BAL,,Zack Wheeler,2,card,17.3,23.3,,+478,575,16.7,park +4% [low-conf],79F · wind out 3,RvR -3%,heat -4%,no,0
2026-08-02,Tyler Soderstrom,ATH,,Keider Montero,2,card,17.0,22.8,,+488,575,14.9,park +6% [low-conf],100F,LvR +8%,heat +8%,no,0
2026-08-02,Justin Foscue,TEX,,Peter Lambert,1,card,17.0,22.9,,+487,,,park +3%,96F (roof: half),RvR -3%,heat -0%,no,0
2026-08-02,Jake Bauers,MIL,,Walbert Ureña *,5,card,16.6,22.1,,+503,,,park +4%,88F · wind out 6,LvR +8%,heat -9%,no,0
2026-08-02,Dominic Canzone,SEA,,Taj Bradley,3,card,16.3,21.6,,+512,850,55.3,park -4%,66F (roof: half),LvR +8%,heat +6%,no,0
2026-08-02,Christian Encarnacion-Strand,BAL,,Zack Wheeler,6,card,16.2,21.3,,+518,900,61.8,park +4% [low-conf],79F · wind out 3,RvR -3%,,no,0
2026-08-02,Jac Caglianone,KCR,,Kyle Freeland,3,card,16.2,21.3,,+518,,,park +9%,103F,LvL -22%,heat +18%,no,0
2026-08-02,Bryce Harper,PHI,,Kyle Bradish,3,card,16.1,21.1,,+523,,,park +4% [low-conf],79F · wind out 3,LvR +8%,heat +1%,hr,1
2026-08-02,Mike Trout,LAA,,Jacob Misiorowski,2,card,16.1,21.1,,+521,,,park +4%,88F · wind out 6,RvR -3%,heat -6%,no,0
2026-08-02,Ronald Acuña Jr.,ATL,,Cade Cavalli,2,card,16.0,21.0,,+524,,,park +4%,88F · wind out 3,RvR -3%,heat +5%,no,0
2026-08-02,Michael Harris II,ATL,,Cade Cavalli,4,card,15.9,20.8,,+528,,,park +4%,88F · wind out 3,LvR +8%,heat +3%,no,0
2026-08-02,Corbin Carroll,ARI,,Gavin Williams,1,card,15.3,19.7,,+554,1900,206.0,park -3%,74F · wind in 3,LvR +8%,heat +8%,void,
2026-08-02,Brandon Marsh,PHI,,Kyle Bradish,5,card,12.7,15.3,,+686,1900,154.5,park +4% [low-conf],79F · wind out 3,LvR +8%,,no,0
2026-08-02,Gabriel Moreno,ARI,,Gavin Williams,3,card,9.8,12.3,,+917,4000,303.0,park -3%,74F · wind in 3,RvR -3%,,void,
2026-08-02,Nolan Arenado,ARI,,Gavin Williams,6,card,9.8,12.3,,+916,2400,146.0,park -3%,74F · wind in 3,RvR -3%,,void,
2026-08-02,Geraldo Perdomo,ARI,,Gavin Williams,2,card,9.4,11.0,,+961,4000,286.3,park -3%,74F · wind in 3,SvR +8%,,void,
2026-08-02,Tim Tawa,ARI,,Gavin Williams,7,card,8.5,9.7,,+1073,2400,113.0,park -3%,74F · wind in 3,RvR -3%,,void,
2026-08-02,Petey Halpin,CLE,,Merrill Kelly,9,card,7.2,7.5,,+1298,2800,107.4,park -3%,74F · wind in 3,LvR +8%,,no,0
2026-08-02,Tyler Locklear,ARI,,Gavin Williams,9,card,7.1,7.3,,+1301,2900,114.1,park -3%,74F · wind in 3,RvR -3%,,void,
2026-08-02,Ildemaro Vargas,ARI,,Gavin Williams,8,card,6.9,6.9,,+1351,3300,134.4,park -3%,74F · wind in 3,SvR +8%,,void,
2026-08-02,Steven Kwan,CLE,,Merrill Kelly,1,card,6.0,5.6,,+1554,3400,111.6,park -3%,74F · wind in 3,LvR +8%,,no,0
2026-08-03,Hunter Goodman,COL,824324,Ian Seymour,2,proj,22.5,33.0,,+345,270,-16.8,park +9%,102F · wind in 4,RvL +12%,heat +11%,no,0
2026-08-03,Yordan Alvarez,HOU,824160,Shane Bieber,1,proj,22.4,32.8,,+347,260,-19.4,park +3%,96F (roof: half),LvR +8%,heat -5%,no,0
2026-08-03,Junior Caminero,TBR,824324,Michael Lorenzen,1,proj,21.6,31.3,,+363,275,-19.1,park +9%,102F · wind in 4,RvR -3%,heat -2%,hr,2
2026-08-03,James Wood,WSN,823431,Aaron Nola,1,proj,21.4,30.9,,+368,255,-24.2,park +9%,84F,LvR +8%,heat -7%,no,0
2026-08-03,Ben Rice,NYY,823520,Michael McGreevy,2,card,20.8,29.8,,+382,290,-19.1,park +14%,80F · wind out 5,LvR +8%,heat +2%,no,0
2026-08-03,CJ Abrams,WSN,823431,Aaron Nola,2,proj,19.5,27.4,,+413,330,-16.2,park +9%,84F,LvR +8%,heat -2%,no,0
2026-08-03,Kyle Schwarber,PHI,823431,Andrew Alvarez,2,card,19.5,27.4,,+414,205,-40.7,park +9%,84F,LvL -22%,heat +4%,no,0
2026-08-03,Rafael Devers,SFG,822867,Cal Quantrill,1,proj,18.6,25.8,,+438,380,-10.8,park +2%,100F (roof: half),LvR +8%,heat -3%,no,0
2026-08-03,Shohei Ohtani,LAD,824647,Matthew Boyd,1,card,17.9,24.4,,+460,320,-24.9,park avg,75F · wind in 5,LvL -22%,heat +11%,no,0
2026-08-03,Kazuma Okamoto,TOR,824160,Cristian Javier,2,proj,17.6,24.0,,+467,380,-15.3,park +3%,96F (roof: half),RvR -3%,heat -4%,no,0
2026-08-03,Joc Pederson,TEX,822867,Logan Webb,1,card,17.3,23.3,,+479,350,-22.3,park +2%,100F (roof: half),LvR +8%,heat -2%,no,0
2026-08-03,Brandon Lowe,PIT,823757,Brandon Sproat,2,proj,17.1,23.1,,+483,360,-21.2,park +9%,76F · wind in 5 (roof: half),LvR +8%,heat +3%,no,0
2026-08-03,Manny Machado,SDP,825095,Brandon Pfaadt,2,proj,17.0,22.8,,+489,410,-13.4,park +4%,112F (roof: half),RvR -3%,heat +1%,no,0
2026-08-03,Ketel Marte,ARI,825095,Michael King,1,proj,16.5,21.9,,+505,360,-24.0,park +4%,112F (roof: half),SvR +8%,heat -1%,void,
2026-08-03,Jordan Walker,STL,823520,Cam Schlittler,2,card,16.1,21.2,,+520,410,-17.7,park +14%,80F · wind out 5,RvR -3%,heat +10%,no,0
2026-08-03,Luis García Jr.,NYY,823520,Michael McGreevy,3,card,16.0,20.9,,+525,,,park +14%,80F · wind out 5,LvR +8%,heat +3%,hr,1
2026-08-03,Willy Adames,SFG,822867,Cal Quantrill,2,proj,15.8,20.5,,+535,440,-14.9,park +2%,100F (roof: half),RvR -3%,heat +4%,no,0
2026-08-03,Christian Walker,HOU,824160,Shane Bieber,3,proj,15.7,20.4,,+537,360,-27.8,park +3%,96F (roof: half),RvR -3%,heat -7%,no,0
2026-08-03,Spencer Jones,NYY,823520,Michael McGreevy,4,card,15.7,20.3,,+538,400,-21.6,park +14%,80F · wind out 5,LvR +8%,heat -2%,no,0
2026-08-03,Bryce Harper,PHI,823431,Andrew Alvarez,3,card,15.4,19.8,,+551,295,-39.3,park +9%,84F,LvL -22%,heat +6%,hr,1
2026-08-03,Trent Grisham,NYY,823520,Michael McGreevy,1,card,15.4,19.9,,+548,340,-32.1,park +14%,80F · wind out 5,LvR +8%,heat -9%,hr,1
2026-08-03,JJ Wetherholt,STL,823520,Cam Schlittler,1,card,15.3,19.7,,+553,525,-4.3,park +14%,80F · wind out 5,LvR +8%,heat +11%,no,0
2026-08-03,Jonathan Aranda,TBR,824324,Michael Lorenzen,2,proj,15.0,19.1,,+567,420,-22.0,park +9%,102F · wind in 4,LvR +8%,heat +8%,no,0
2026-08-03,Bryce Eldridge,SFG,822867,Cal Quantrill,5,proj,14.7,18.5,,+581,370,-31.0,park +2%,100F (roof: half),LvR +8%,heat -1%,void,
2026-08-03,Corbin Carroll,ARI,825095,Michael King,2,proj,14.7,18.6,,+579,325,-37.4,park +4%,112F (roof: half),LvR +8%,heat -4%,void,
2026-08-03,Eliezer Alfonzo,LAD,824647,Matthew Boyd,9,card,14.7,18.5,,+580,800,32.3,park avg,75F · wind in 5,SvL +12%,,no,0
2026-08-03,Jackson Chourio,MIL,823757,Bubba Chandler,2,card,14.7,18.6,,+579,480,-14.5,park +9%,76F · wind in 5 (roof: half),RvR -3%,heat +2%,no,0
2026-08-03,Trea Turner,PHI,823431,Andrew Alvarez,1,card,14.7,18.5,,+581,425,-22.9,park +9%,84F,RvL +12%,heat -0%,no,0
2026-08-03,Wyatt Langford,TEX,822867,Logan Webb,2,card,14.7,18.5,,+581,380,-29.6,park +2%,100F (roof: half),RvR -3%,heat -6%,no,0
2026-08-03,Andy Pages,LAD,824647,Matthew Boyd,2,card,14.5,18.3,,+587,475,-16.3,park avg,75F · wind in 5,RvL +12%,heat -3%,no,0
2026-08-04,Kyle Schwarber,PHI,823432,Carson Palmquist,1,card,35.2,32.4,22.2,+184,155,-43.4,park +9%,86F,LvL -22%,heat +6%,no,0
2026-08-04,Shohei Ohtani,LAD,824645,Javier Assad,1,card,30.1,28.2,19.9,+232,198,-40.7,park avg,78F,LvR +8%,heat +11%,no,0
2026-08-04,Junior Caminero,TBR,824321,Gabriel Hughes,1,proj,28.9,28.0,19.8,+246,210,-38.6,park +9%,74F,RvR -3%,heat +1%,no,0
2026-08-04,Yordan Alvarez,HOU,824161,Trey Yesavage,2,card,27.6,27.7,19.6,+262,225,-36.1,park +3%,95F · wind out 5 (roof: half),LvR +8%,heat -7%,no,0
2026-08-04,Bryce Harper,PHI,823432,Carson Palmquist,3,card,25.3,22.9,17.0,+296,255,-39.5,park +9%,86F,LvL -22%,heat +10%,no,0
2026-08-04,Max Muncy,LAD,824645,Javier Assad,4,card,24.6,22.1,16.6,+307,265,-39.3,park avg,78F,LvR +8%,,no,0
2026-08-04,Hunter Goodman,COL,824321,Freddy Peralta,4,card,23.6,26.0,18.7,+324,280,-28.8,park +9%,74F,RvR -3%,heat +5%,no,0
2026-08-04,Pete Alonso,BAL,824805,Grayson Rodriguez,2,card,23.6,24.4,17.9,+324,280,-32.2,park +4% [low-conf],86F,RvR -3%,heat -2%,no,0
2026-08-04,Matt Olson,ATL,824888,Ryan Gusto,3,card,23.0,24.6,18.0,+335,290,-29.9,park +4%,80F,LvR +8%,heat +3%,no,0
2026-08-04,Brandon Lowe,PIT,823756,Logan Henderson,2,proj,21.9,22.9,17.1,+357,310,-30.1,park +9%,85F (roof: half),LvR +8%,heat +11%,no,0
2026-08-04,Tyler Soderstrom,ATH,824484,Brady Singer,3,card,21.9,21.3,16.2,+357,310,-33.6,park +25%,86F,LvR +8%,heat -3%,no,0
2026-08-04,Corey Seager,TEX,822865,Blade Tidwell,3,card,21.4,20.2,15.6,+368,320,-34.6,park +2%,101F · wind in 5 (roof: half),LvR +8%,,no,0
2026-08-04,Gunnar Henderson,BAL,824805,Grayson Rodriguez,3,card,21.4,18.4,14.6,+368,320,-38.6,park +4% [low-conf],86F,LvR +8%,heat +5%,no,0
2026-08-04,JJ Bleday,CIN,824484,J.T. Ginn,3,card,21.4,24.5,17.9,+368,320,-24.8,park +25%,86F,LvR +8%,heat -10%,no,0
2026-08-04,Kyle Stowers,MIA,824888,Grant Holmes,1,card,21.4,22.3,16.7,+368,320,-29.7,park +4%,80F,LvR +8%,heat -7%,no,0
2026-08-04,Mike Trout,LAA,824805,Cade Povich,2,card,21.1,24.5,17.9,+374,325,-23.8,park +4% [low-conf],86F,RvL +12%,,no,0
2026-08-04,Wyatt Langford,TEX,822865,Blade Tidwell,2,card,21.1,20.4,15.7,+374,325,-33.3,park +2%,101F · wind in 5 (roof: half),RvR -3%,,no,0
2026-08-04,Ben Rice,NYY,823517,Hunter Dobbins,2,card,20.9,27.7,19.7,+379,330,-15.4,park +14%,no wx,LvR +8%,,no,0
2026-08-04,Joc Pederson,TEX,822865,Blade Tidwell,1,card,20.9,25.6,18.5,+379,330,-20.3,park +2%,101F · wind in 5 (roof: half),LvR +8%,,no,0
2026-08-04,Jordan Walker,STL,823517,Ryan Weathers,2,card,20.9,22.5,16.9,+379,330,-27.5,park +14%,no wx,RvL +12%,heat -3%,void,
2026-08-04,Elly De La Cruz,CIN,824484,J.T. Ginn,1,card,20.4,26.5,19.0,+391,340,-16.4,park +25%,86F,SvR +8%,heat -3%,no,0
2026-08-04,Riley Greene,DET,823108,Emerson Hancock,2,proj,19.9,18.1,14.5,+402,350,-34.8,park -4%,75F (roof: half),LvR +8%,heat +4%,hr,1
2026-08-04,Sal Stewart,CIN,824484,J.T. Ginn,2,card,19.9,27.9,19.8,+402,350,-11.0,park +25%,86F,RvR -3%,heat -5%,no,0
2026-08-04,Willson Contreras,BOS,824731,Davis Martin,4,card,19.9,19.7,15.3,+402,350,-31.0,park -7%,86F · wind out 7,RvR -3%,heat +1%,no,0
2026-08-04,Zach Neto,LAA,824805,Cade Povich,1,card,19.9,23.4,17.3,+402,350,-22.2,park +4% [low-conf],86F,RvL +12%,,no,0
2026-08-04,Mickey Moniak,COL,824321,Freddy Peralta,3,card,19.5,23.6,17.4,+413,360,-19.7,park +9%,74F,LvR +8%,heat -3%,hr,1
2026-08-04,Bobby Witt Jr.,KCR,824084,Joe Ryan,2,card,19.1,19.2,15.1,+424,370,-29.2,park -4% [low-conf],92F,RvR -3%,heat +3%,no,0
2026-08-04,Carter Jensen,KCR,824084,Joe Ryan,1,card,19.1,22.7,16.9,+424,370,-20.4,park -4% [low-conf],92F,LvR +8%,heat +8%,no,0
2026-08-04,Cedric Mullins,TBR,824321,Gabriel Hughes,5,proj,19.1,12.4,9.9,+424,370,-53.6,park +9%,74F,LvR +8%,,no,0
2026-08-04,Christian Encarnacion-Strand,BAL,824805,Grayson Rodriguez,4,card,19.1,26.7,19.1,+424,370,-10.2,park +4% [low-conf],86F,RvR -3%,,no,0
2026-08-05,Shohei Ohtani,LAD,824646,Shota Imanaga,1,card,19.3,27.0,,+418,,,park avg,71F,LvL -22%,heat -3%,hr,2
2026-08-05,Kyle Schwarber,PHI,823429,Jake Irvin,1,card,31.1,35.7,24.0,+221,188,-31.0,park +9%,82F,LvR +8%,heat +8%,no,0
2026-08-05,Bryce Harper,PHI,823429,Jake Irvin,3,card,24.6,25.5,18.5,+307,265,-32.6,park +9%,82F,LvR +8%,heat +15%,no,0
2026-08-05,Elly De La Cruz,CIN,824482,Jacob Lopez,1,card,23.6,27.6,19.6,+324,280,-25.5,park +25%,88F,SvL +12%,heat +15%,no,0
2026-08-05,Munetaka Murakami,CHW,824728,Sonny Gray,2,card,23.3,28.7,20.2,+329,285,-22.3,park -7%,87F · wind out 7,LvR +8%,heat +1%,no,0
2026-08-05,Pete Alonso,BAL,824806,Reid Detmers,2,card,23.0,24.5,17.9,+335,290,-30.2,park +4% [low-conf],84F,RvL +12%,heat +8%,no,0
2026-08-05,Yordan Alvarez,HOU,824158,Jameson Taillon,2,card,22.3,32.7,,+348,,,park +3%,95F · wind out 4 (roof: half),LvR +8%,heat -9%,no,0
2026-08-05,Sal Stewart,CIN,824482,Jacob Lopez,2,card,22.1,29.9,20.8,+352,305,-15.7,park +25%,88F,RvL +12%,heat +4%,no,0
2026-08-05,Ben Rice,NYY,823516,Andre Pallante,2,card,21.4,28.5,20.0,+368,320,-15.8,park +14%,82F,LvR +8%,heat +12%,no,0
2026-08-05,CJ Abrams,WSN,823429,Andrew Painter,1,card,21.4,28.0,19.8,+368,320,-16.9,park +9%,82F,LvR +8%,heat +3%,no,0
2026-08-05,Eugenio Suárez,CIN,824482,Jacob Lopez,4,card,21.4,21.9,16.5,+368,320,-30.7,park +25%,88F,RvL +12%,heat -2%,no,0
2026-08-05,Riley Greene,DET,823106,Bryan Woo,2,proj,21.4,18.6,14.7,+368,320,-38.2,park -4%,79F (roof: half),LvR +8%,heat +1%,no,0
2026-08-05,Alec Burleson,STL,823516,Will Warren,3,card,20.9,19.2,15.0,+379,330,-35.3,park +14%,82F,LvR +8%,heat -0%,no,0
2026-08-05,Cal Raleigh,SEA,823106,Drew Anderson,6,card,20.9,13.7,10.9,+379,330,-53.0,park -4%,79F (roof: half),SvR +8%,,no,0
2026-08-05,Coby Mayo,BAL,824806,Reid Detmers,5,card,20.9,19.0,15.0,+379,330,-35.7,park +4% [low-conf],84F,RvL +12%,heat +9%,hr,1
2026-08-05,Kyle Stowers,MIA,824889,Bryce Elder,2,card,20.9,20.8,15.9,+379,330,-31.5,park +4%,74F · wind out 3,LvR +8%,heat -6%,no,0
2026-08-05,Tyler Soderstrom,ATH,824482,Rhett Lowder,3,card,20.9,20.9,16.0,+379,330,-31.4,park +25%,88F,LvR +8%,heat +0%,no,0
2026-08-05,Esmerlyn Valdez,PIT,823753,Kyle Harrison,8,proj,20.6,18.8,14.8,+385,335,-35.5,park +9%,78F (roof: half),RvL +12%,heat +4%,no,0
2026-08-05,Junior Caminero,TBR,824322,Tomoyuki Sugano,3,card,20.4,29.2,,+390,,,park +9%,82F,RvR -3%,heat -10%,hr,1
2026-08-05,Matt Olson,ATL,824889,Eury Pérez *,3,card,20.4,23.8,17.6,+391,340,-22.8,park +4%,74F · wind out 3,LvR +8%,heat -5%,no,0
2026-08-05,Hunter Goodman,COL,824322,Nick Martinez,3,card,20.2,28.7,,+396,,,park +9%,82F,RvR -3%,heat +14%,no,0
2026-08-05,JJ Bleday,CIN,824482,Jacob Lopez,6,card,19.9,18.5,14.7,+402,350,-33.8,park +25%,88F,LvL -22%,heat +1%,no,0
2026-08-05,Jac Caglianone,KCR,824082,Dean Kremer,3,card,19.9,22.6,16.9,+402,350,-24.0,park -4% [low-conf],84F · wind out 5,LvR +8%,heat -2%,no,0
2026-08-05,Manny Machado,SDP,825052,Mitch Bratt,2,proj,19.9,23.1,17.2,+402,350,-22.7,park +4%,104F (roof: half),RvL +12%,,no,0
2026-08-05,Willson Contreras,BOS,824728,Sean Burke,4,card,19.9,20.4,15.7,+402,350,-29.2,park -7%,87F · wind out 7,RvR -3%,heat +5%,no,0
2026-08-05,Mike Trout,LAA,824806,Trevor Rogers,2,card,19.5,22.1,16.6,+413,360,-23.6,park +4% [low-conf],84F,RvL +12%,heat +8%,no,0
2026-08-05,Brandon Marsh,PHI,823429,Jake Irvin,6,card,19.1,16.2,13.4,+424,370,-36.8,park +9%,82F,LvR +8%,,no,0
2026-08-05,Colson Montgomery,CHW,824728,Sonny Gray,4,card,19.1,21.6,16.4,+424,370,-23.1,park -7%,87F · wind out 7,LvR +8%,heat -3%,no,0
2026-08-05,Lawrence Butler,ATH,824482,Rhett Lowder,1,card,19.1,16.3,13.5,+424,370,-36.7,park +25%,88F,LvR +8%,,hr,1
2026-08-05,Miguel Vargas,CHW,824728,Sonny Gray,3,card,19.1,20.5,15.8,+424,370,-25.9,park -7%,87F · wind out 7,RvR -3%,heat -13%,no,0
2026-08-06,Kyle Schwarber,PHI,823430,Miles Mikolas,3,proj,30.7,32.6,22.3,+226,192,-34.9,park +9%,84F · wind out 4,LvR +8%,heat +6%,no,0
2026-08-06,Bryce Harper,PHI,823430,Miles Mikolas,2,proj,24.6,28.3,20.0,+307,265,-27.1,park +9%,84F · wind out 4,LvR +8%,heat +11%,no,0
2026-08-06,Pete Alonso,BAL,824804,Ryan Johnson,2,card,23.6,26.6,19.0,+324,280,-27.7,park +4% [low-conf],86F · wind out 4,RvR -3%,heat +5%,no,0
2026-08-06,Elly De La Cruz,CIN,824481,Mason Barnett,1,card,22.1,25.3,18.4,+352,305,-25.6,park +25%,81F,SvR +8%,,hr,1
2026-08-06,Christian Encarnacion-Strand,BAL,824804,Ryan Johnson,4,card,21.4,32.5,22.2,+368,320,-6.7,park +4% [low-conf],86F · wind out 4,RvR -3%,,no,0
2026-08-06,Sal Stewart,CIN,824481,Mason Barnett,2,card,21.4,26.7,19.1,+368,320,-19.9,park +25%,81F,RvR -3%,heat -7%,hr,1
2026-08-06,JJ Bleday,CIN,824481,Mason Barnett,3,card,21.1,23.5,17.4,+374,325,-26.2,park +25%,81F,LvR +8%,,hr,1
2026-08-06,Eugenio Suárez,CIN,824481,Mason Barnett,5,card,20.9,18.3,14.6,+379,330,-37.3,park +25%,81F,RvR -3%,heat -1%,no,0
2026-08-06,Tyler Soderstrom,ATH,824481,Andrew Abbott,4,card,20.9,17.3,14.0,+379,330,-39.7,park +25%,81F,LvL -22%,heat +9%,no,0
2026-08-06,Brandon Lowe,PIT,823754,Dustin May,2,proj,19.9,21.8,16.4,+402,350,-26.0,park +9%,71F · wind in 3 (roof: half),LvR +8%,heat +10%,hr,1
2026-08-06,Cal Raleigh,SEA,823105,Framber Valdez,5,proj,19.9,13.8,11.0,+402,350,-50.3,park -4%,65F (roof: half),SvL +12%,,void,
2026-08-06,Gunnar Henderson,BAL,824804,Ryan Johnson,3,card,19.9,20.0,15.5,+402,350,-30.4,park +4% [low-conf],86F · wind out 4,LvR +8%,heat -0%,no,0
2026-08-06,Mike Trout,LAA,824804,Brandon Young,2,card,19.9,23.5,17.4,+402,350,-21.9,park +4% [low-conf],86F · wind out 4,RvR -3%,heat -0%,no,0
2026-08-06,Riley Greene,DET,823105,Bryce Miller,2,proj,19.9,19.2,15.0,+402,350,-32.3,park -4%,65F (roof: half),LvR +8%,heat -1%,no,0
2026-08-06,Kazuma Okamoto,TOR,824664,David Peterson,1,proj,18.3,24.4,17.8,+446,390,-12.6,park avg,70F,RvL +12%,heat +3%,no,0
2026-08-06,Trea Turner,PHI,823430,Miles Mikolas,1,proj,18.3,21.2,16.1,+446,390,-21.0,park +9%,84F · wind out 4,RvR -3%,heat -6%,no,0
2026-08-06,Tyler Stephenson,CIN,824481,Mason Barnett,4,card,18.3,16.2,13.4,+446,390,-34.3,park +25%,81F,RvR -3%,heat -11%,hr,1
2026-08-06,Dillon Dingler,DET,823105,Bryce Miller,4,proj,17.9,20.2,15.6,+457,400,-22.1,park -4%,65F (roof: half),RvR -3%,heat +1%,hr,1
2026-08-06,Dylan Beavers,BAL,824804,Ryan Johnson,1,card,17.9,16.7,13.7,+457,400,-31.5,park +4% [low-conf],86F · wind out 4,LvR +8%,heat -8%,no,0
2026-08-06,Matt Olson,ATL,824885,Janson Junk,1,proj,22.4,26.4,18.9,+346,300,-24.2,park +4%,76F,LvR +8%,heat +10%,hr,1
2026-08-06,Bobby Witt Jr.,KCR,824080,Bailey Ober,3,proj,21.4,17.5,14.2,+368,320,-40.5,park -4% [low-conf],76F,RvR -3%,heat -2%,no,0
2026-08-06,Wilyer Abreu,BOS,824729,Luis Castillo,1,proj,20.4,22.7,17.0,+391,340,-25.3,park -7%,83F · wind out 5,LvR +8%,heat +8%,no,0
2026-08-06,Carter Jensen,KCR,824080,Bailey Ober,2,proj,19.5,20.8,15.9,+413,360,-26.8,park -4% [low-conf],76F,LvR +8%,heat -0%,no,0
2026-08-06,Michael Harris II,ATL,824885,Janson Junk,4,proj,18.7,17.4,14.1,+435,380,-32.4,park +4%,76F,LvR +8%,heat +11%,no,0
2026-08-06,Willson Contreras,BOS,824729,Luis Castillo,4,proj,18.7,20.0,15.5,+435,380,-25.6,park -7%,83F · wind out 5,RvR -3%,heat +4%,void,
2026-08-06,Drake Baldwin,ATL,824885,Janson Junk,5,proj,18.3,17.3,14.0,+446,390,-31.3,park +4%,76F,LvR +8%,heat +6%,no,0
2026-08-06,Manny Machado,SDP,825053,Kohl Drake,2,proj,18.3,22.8,17.0,+446,390,-16.6,park +4%,92F (roof: half),RvL +12%,heat +13%,no,0
2026-08-06,Royce Lewis,MIN,824080,Michael Wacha,6,proj,18.3,14.4,11.8,+446,390,-42.4,park -4% [low-conf],76F,RvR -3%,,hr,1
2026-08-06,Salvador Perez,KCR,824080,Bailey Ober,1,proj,18.3,21.6,16.4,+446,390,-19.9,park -4% [low-conf],76F,RvR -3%,heat +3%,no,0
2026-08-06,Jac Caglianone,KCR,824080,Bailey Ober,4,proj,17.9,20.8,15.9,+457,400,-20.3,park -4% [low-conf],76F,LvR +8%,heat +8%,no,0
2026-08-07,Kyle Schwarber,PHI,823428,José Soriano,1,card,25.3,30.0,20.9,+296,255,-25.9,park +9%,92F · wind out 9,LvR +8%,heat -4%,no,0
2026-08-07,Yordan Alvarez,HOU,823266,Robbie Ray,1,proj,24.6,26.7,19.1,+307,265,-30.3,park -4%,no wx,LvL -22%,heat -8%,no,0
2026-08-07,Shohei Ohtani,LAD,825051,Merrill Kelly,2,proj,23.9,27.3,19.4,+318,275,-27.2,park +4%,108F (roof: half),LvR +8%,heat -7%,no,0
2026-08-07,Ben Rice,NYY,823515,Tyler Mahle,2,card,23.0,28.9,20.3,+335,290,-20.9,park +14%,91F,LvR +8%,heat -3%,no,0
2026-08-07,Junior Caminero,TBR,823103,Logan Gilbert,1,proj,22.7,28.8,20.2,+340,295,-20.1,park -4%,76F (roof: half),RvR -3%,heat -1%,no,0
2026-08-07,Jake Bauers,MIL,823750,Zebby Matthews,3,card,21.4,22.1,16.6,+368,320,-30.2,park +9%,87F · wind in 4 (roof: half),LvR +8%,heat -1%,no,0
2026-08-07,Matt Olson,ATL,823515,Max Fried,4,card,20.9,21.1,16.1,+379,330,-30.9,park +14%,91F,LvL -22%,heat -0%,hr,1
2026-08-07,Wilyer Abreu,BOS,824727,Jack Perkins,3,card,20.9,21.0,16.0,+379,330,-31.2,park -7%,94F · wind out 5,LvR +8%,heat +4%,no,0
2026-08-07,José Ramírez,CLE,824566,Noah Schultz,3,card,20.6,15.1,12.5,+385,335,-45.6,park +9%,83F,SvL +12%,,no,0
2026-08-07,Munetaka Murakami,CHW,824566,Parker Messick,2,card,20.4,25.9,18.7,+391,340,-17.9,park +9%,83F,LvL -22%,heat +4%,hr,1
2026-08-07,CJ Abrams,WSN,822699,Chase Petty,1,card,19.9,28.8,20.3,+402,350,-8.9,park avg,91F · wind out 8,LvR +8%,heat -1%,no,0
2026-08-07,Christian Walker,HOU,823266,Robbie Ray,2,proj,19.9,19.8,15.4,+402,350,-30.9,park -4%,no wx,RvL +12%,heat -3%,no,0
2026-08-07,Jo Adell,CLE,824566,Noah Schultz,4,card,19.9,16.6,13.7,+402,350,-38.5,park +9%,83F,RvL +12%,,no,0
2026-08-07,Miguel Vargas,CHW,824566,Parker Messick,3,card,19.9,20.9,16.0,+402,350,-28.1,park +9%,83F,RvL +12%,heat +2%,no,0
2026-08-07,Pete Crow-Armstrong,CHC,824081,Daniel Lynch IV,1,card,19.9,24.2,17.7,+402,350,-20.2,park -4% [low-conf],86F · wind out 4,LvL -22%,heat +2%,no,0
2026-08-07,Rafael Devers,SFG,823191,Keider Montero,1,proj,19.9,22.0,16.6,+402,350,-25.4,park -14%,66F · wind out 11,LvR +8%,heat +4%,hr,1
2026-08-07,Rhys Hoskins,CLE,824566,Noah Schultz,6,card,19.9,15.3,12.8,+402,350,-42.6,park +9%,83F,RvL +12%,,no,0
2026-08-07,Luis García Jr.,NYY,823515,Tyler Mahle,4,card,19.5,19.0,15.0,+413,360,-31.1,park +14%,91F,LvR +8%,heat -5%,no,0
2026-08-07,Manny Machado,SDP,823266,Ronel Blanco,2,proj,19.5,21.1,16.1,+413,360,-26.0,park -4%,no wx,RvR -3%,,no,0
2026-08-07,Trent Grisham,NYY,823515,Tyler Mahle,1,card,19.5,19.9,15.4,+413,360,-29.0,park +14%,91F,LvR +8%,heat -12%,no,0
2026-08-07,Cal Raleigh,SEA,823103,Drew Rasmussen,5,proj,19.1,15.0,12.5,+424,370,-41.4,park -4%,76F (roof: half),SvR +8%,,no,0
2026-08-07,Hunter Goodman,COL,823024,Kyle Leahy,4,card,19.1,24.1,17.7,+424,370,-16.8,park -7%,90F · wind out 5,RvR -3%,heat +1%,no,0
2026-08-07,Kyle Stowers,MIA,823836,George Klassen *,1,card,19.1,20.4,15.7,+424,370,-26.2,park -9%,86F · wind in 4 (roof: half),LvR +8%,heat -5%,no,0
2026-08-07,Royce Lewis,MIN,823750,Shane Drohan,3,card,19.1,18.3,14.6,+424,370,-31.5,park +9%,87F · wind in 4 (roof: half),RvL +12%,heat +9%,no,0
2026-08-07,Bobby Witt Jr.,KCR,824081,Kevin Gausman,2,card,18.7,18.7,14.8,+435,380,-29.0,park -4% [low-conf],86F · wind out 4,RvR -3%,heat -3%,no,0
2026-08-07,Max Muncy,ATH,824727,Payton Tolle,8,card,18.7,14.5,11.9,+435,380,-42.9,park -7%,94F · wind out 5,LvL -22%,,no,0
2026-08-07,Brandon Lowe,PIT,823349,Zac Thornton,2,card,18.3,20.6,15.8,+446,390,-22.6,park -9%,83F,LvL -22%,heat +6%,no,0
2026-08-07,Heliot Ramos,NYY,823515,Tyler Mahle,3,card,18.3,16.7,13.7,+446,390,-32.8,park +14%,91F,RvR -3%,heat -8%,no,0
2026-08-07,Jac Caglianone,KCR,824081,Kevin Gausman,3,card,18.3,21.9,16.5,+446,390,-19.2,park -4% [low-conf],86F · wind out 4,LvR +8%,heat -7%,no,0
2026-08-07,Jazz Chisholm Jr.,NYY,823515,Tyler Mahle,5,card,18.3,15.8,13.2,+446,390,-35.3,park +14%,91F,LvR +8%,,no,0
2026-08-08,Kyle Schwarber,PHI,823426,Max Scherzer,1,card,29.4,32.9,22.4,+240,205,-31.5,park +9%,80F · wind out 4,LvR +8%,heat +2%,no,0
2026-08-08,Yordan Alvarez,HOU,823267,Michael King,2,card,25.3,27.8,19.7,+296,255,-30.0,park -4%,86F · wind in 4,LvR +8%,heat +1%,no,0
2026-08-08,Shohei Ohtani,LAD,825049,Brandon Pfaadt,2,proj,24.2,26.6,19.1,+313,270,-29.5,park +4%,109F (roof: half),LvR +8%,heat +1%,no,0
2026-08-08,Bryce Harper,PHI,823426,Max Scherzer,3,card,23.6,23.3,17.3,+324,280,-34.3,park +9%,80F · wind out 4,LvR +8%,heat +10%,hr,1
2026-08-08,Brandon Lowe,PIT,823348,Robert Stock *,2,card,21.1,22.0,16.6,+374,325,-29.5,park -9%,83F,LvR +8%,,hr,1
2026-08-08,Munetaka Murakami,CHW,824565,Gavin Williams,2,card,20.9,29.3,20.5,+379,330,-11.9,park +9%,76F · wind in 5,LvR +8%,heat +9%,hr,1
2026-08-08,Hunter Goodman,COL,823021,Matthew Liberatore,4,card,20.6,26.7,19.1,+385,335,-17.0,park -7%,91F,RvL +12%,heat +15%,no,0
2026-08-08,Jordan Walker,STL,823021,Kyle Freeland,2,card,20.4,23.0,17.1,+391,340,-24.6,park -7%,91F,RvL +12%,heat +2%,hr,1
2026-08-08,Junior Caminero,TBR,823102,George Kirby,1,proj,20.4,27.8,19.7,+391,340,-13.3,park -4%,72F (roof: half),RvR -3%,heat +6%,no,0
2026-08-08,Pete Crow-Armstrong,CHC,824079,Seth Lugo,1,card,20.4,27.9,19.8,+391,340,-13.0,park -4% [low-conf],91F,LvR +8%,heat +7%,no,0
2026-08-08,Max Muncy,ATH,824726,Jake Bennett,8,card,19.9,14.0,11.3,+402,350,-49.3,park -7%,91F · wind out 9,LvL -22%,,no,0
2026-08-08,Jake Bauers,MIL,823752,Taj Bradley,3,card,19.1,21.3,16.2,+424,370,-23.9,park +9%,84F · wind out 5 (roof: half),LvR +8%,heat +1%,no,0
2026-08-08,Jesús Sánchez,TOR,823426,Aaron Nola,4,card,19.1,17.2,14.0,+424,370,-34.3,park +9%,80F · wind out 4,LvR +8%,heat -3%,no,0
2026-08-08,Manny Machado,SDP,823267,Peter Lambert,3,card,19.1,19.1,15.0,+424,370,-29.6,park -4%,86F · wind in 4,RvR -3%,heat +3%,no,0
2026-08-08,Pete Alonso,BAL,822864,Jacob deGrom,2,card,19.1,23.4,17.3,+424,370,-18.7,park +2%,101F (roof: half),RvR -3%,heat -1%,no,0
2026-08-08,Rafael Devers,SFG,823188,Jackson Jobe *,4,card,19.1,17.8,14.3,+424,370,-32.8,park -14%,65F · wind out 11,LvR +8%,,no,0
2026-08-08,Royce Lewis,MIN,823752,Robert Gasser,3,card,19.1,20.2,15.6,+424,370,-26.8,park +9%,84F · wind out 5 (roof: half),RvL +12%,heat +18%,no,0
2026-08-08,Brandon Marsh,PHI,823426,Max Scherzer,6,card,18.3,14.9,12.3,+446,390,-39.9,park +9%,80F · wind out 4,LvR +8%,,no,0
2026-08-08,CJ Abrams,WSN,822701,Chase Burns,1,card,18.3,27.1,19.3,+446,390,-5.3,park avg,95F · wind out 9,LvR +8%,heat -6%,no,0
2026-08-08,Corey Seager,TEX,822864,Kyle Bradish,3,card,18.3,19.1,15.0,+446,390,-26.6,park +2%,101F (roof: half),LvR +8%,heat +1%,hr,1
2026-08-08,Eugenio Suárez,CIN,822701,Andrew Alvarez,4,card,18.3,19.2,15.1,+446,390,-26.1,park avg,95F · wind out 9,RvL +12%,,hr,1
2026-08-08,Joc Pederson,TEX,822864,Kyle Bradish,1,card,18.3,25.2,18.3,+446,390,-10.5,park +2%,101F (roof: half),LvR +8%,heat -3%,no,0
2026-08-08,Bryan De La Cruz,PHI,823426,Max Scherzer,8,card,17.9,13.7,10.9,+457,400,-45.3,park +9%,80F · wind out 4,RvR -3%,,no,0
2026-08-08,Colson Montgomery,CHW,824565,Gavin Williams,4,card,17.9,21.6,16.4,+457,400,-18.1,park +9%,76F · wind in 5,LvR +8%,heat +7%,no,0
2026-08-08,Fernando Tatis Jr.,SDP,823267,Peter Lambert,1,card,17.9,14.1,11.4,+457,400,-43.2,park -4%,86F · wind in 4,RvR -3%,,no,0
2026-08-08,Francisco Lindor,NYM,823348,Bubba Chandler,2,card,17.9,17.6,14.2,+457,400,-29.0,park -9%,83F,SvR +8%,heat +4%,no,0
2026-08-08,JJ Bleday,CIN,822701,Andrew Alvarez,5,card,17.9,17.8,14.3,+457,400,-28.5,park avg,95F · wind out 9,LvL -22%,heat -7%,no,0
2026-08-08,Jo Adell,CLE,824565,Anthony Kay,2,card,17.9,18.2,14.5,+457,400,-27.4,park +9%,76F · wind in 5,RvL +12%,heat -4%,no,0
2026-08-08,Sal Stewart,CIN,822701,Andrew Alvarez,2,card,17.9,26.2,18.8,+457,400,-5.9,park avg,95F · wind out 9,RvL +12%,heat -1%,no,0
2026-08-08,Jackson Chourio,MIL,823752,Taj Bradley,2,card,17.2,21.2,16.1,+480,420,-16.0,park +9%,84F · wind out 5 (roof: half),RvR -3%,heat +3%,no,0
2026-08-09,Pete Crow-Armstrong,CHC,824078,Randy Dobnak,1,card,24.6,26.8,19.2,+307,265,-30.0,park -4% [low-conf],87F · wind out 8,LvR +8%,heat +7%,no,0
2026-08-09,Abimelec Ortiz,WSN,822700,Brady Singer,2,card,24.1,35.9,,+315,,,park avg,96F · wind out 3,LvR +8%,,hr,1
2026-08-09,Bobby Witt Jr.,KCR,824078,Matthew Boyd,2,card,23.6,19.7,15.3,+324,280,-41.7,park -4% [low-conf],87F · wind out 8,RvL +12%,heat +13%,no,0
2026-08-09,Salvador Perez,KCR,824078,Matthew Boyd,4,card,20.4,18.2,14.5,+391,340,-36.1,park -4% [low-conf],87F · wind out 8,RvL +12%,heat +14%,no,0
2026-08-09,Ben Rice,NYY,823513,Grant Holmes,2,card,19.9,31.7,21.8,+402,350,-1.8,park +14%,93F · wind out 8,LvR +8%,heat -5%,no,0
2026-08-09,Kyle Stowers,MIA,823835,Grayson Rodriguez,1,card,19.1,20.6,15.8,+424,370,-25.6,park -9%,87F · wind in 5 (roof: half),LvR +8%,heat +2%,no,0
2026-08-09,Matt Olson,ATL,823513,Cam Schlittler,3,card,18.7,27.6,19.6,+435,380,-5.9,park +14%,93F · wind out 8,LvR +8%,heat +7%,hr,1
2026-08-09,Ian Happ,CHC,824078,Randy Dobnak,4,card,18.3,18.4,14.6,+446,390,-28.5,park -4% [low-conf],87F · wind out 8,SvR +8%,heat -8%,hr,1
2026-08-09,Wilyer Abreu,BOS,824724,J.T. Ginn,3,card,18.3,21.1,16.1,+446,390,-21.2,park -7%,90F · wind out 10,LvR +8%,heat -0%,no,0
2026-08-09,Yordan Alvarez,HOU,823268,Randy Vásquez *,1,proj,25.6,29.4,20.5,+290,250,-28.1,park -4%,83F · wind in 4,LvR +8%,heat +14%,no,0
2026-08-09,James Triantos,CHC,824078,Randy Dobnak,2,card,24.4,36.4,,+311,,,park -4% [low-conf],97F · wind out 12,RvR -3%,,no,0
2026-08-09,Manny Machado,SDP,823268,Cristian Javier,3,card,21.4,18.9,14.9,+368,320,-37.4,park -4%,83F · wind in 4,RvR -3%,heat +1%,no,0
2026-08-09,Fernando Tatis Jr.,SDP,823268,Cristian Javier,1,card,20.9,14.0,11.2,+379,330,-51.7,park -4%,83F · wind in 4,RvR -3%,,hr,1
2026-08-09,Héctor Rodríguez,CIN,822700,Brad Lord,6,card,20.2,28.7,,+395,,,park avg,95F · wind out 5,LvR +8%,,no,0
2026-08-09,CJ Abrams,WSN,822700,Brady Singer,1,card,19.7,27.8,,+408,,,park avg,95F · wind out 5,LvR +8%,heat -5%,no,0
2026-08-09,Sal Stewart,CIN,822700,Brad Lord,2,card,19.2,26.8,,+422,,,park avg,95F · wind out 5,RvR -3%,heat +6%,no,0
2026-08-09,Elly De La Cruz,CIN,822700,Brad Lord,1,card,18.7,26.0,,+434,,,park avg,95F · wind out 5,SvR +8%,heat +4%,no,0
2026-08-09,Hunter Goodman,COL,823020,Michael McGreevy,4,card,18.6,25.8,,+437,,,park -7%,94F · wind out 5,RvR -3%,heat +3%,hr,1
2026-08-09,Christian Walker,HOU,823268,Randy Vásquez *,2,proj,18.3,19.5,15.2,+446,390,-25.4,park -4%,83F · wind in 4,RvR -3%,heat +5%,no,0
2026-08-09,Junior Caminero,TBR,823104,Emerson Hancock,4,card,18.3,23.4,17.3,+446,390,-15.2,park -4%,69F (roof: half),RvR -3%,heat +11%,no,0
2026-08-09,Munetaka Murakami,CHW,824564,Joey Cantillo,2,card,18.3,26.4,18.9,+446,390,-7.2,park +9%,71F,LvL -22%,heat +2%,no,0
2026-08-09,Cal Raleigh,SEA,823104,Ian Seymour,7,card,17.9,12.8,10.0,+457,400,-50.0,park -4%,69F (roof: half),SvL +12%,,no,0
2026-08-09,John Rave,KCR,824078,Matthew Boyd,4,card,17.9,24.4,,+459,,,park -4% [low-conf],97F · wind out 12,LvL -22%,,void,
2026-08-09,Drake Baldwin,ATL,823513,Cam Schlittler,1,card,17.5,23.7,,+472,,,park +14%,no wx,LvR +8%,heat -0%,no,0
2026-08-09,Esmerlyn Valdez,PIT,823345,Sean Manaea,5,card,17.4,23.5,,+475,,,park -9%,85F · wind out 3,RvL +12%,heat +6%,no,0
2026-08-09,JJ Bleday,CIN,822700,Brad Lord,3,card,17.4,23.6,,+474,,,park avg,95F · wind out 5,LvR +8%,heat -0%,no,0
2026-08-09,Andrés Chaparro,WSN,822700,Brady Singer,2,card,17.2,23.2,,+482,,,park avg,95F · wind out 5,RvR -3%,heat -0%,no,0
2026-08-09,Bryce Harper,PHI,823425,Shane Bieber,3,card,17.2,23.2,,+481,,,park +9%,93F · wind out 3,LvR +8%,heat +2%,no,0
2026-08-09,Jackson Merrill,SDP,823268,Cristian Javier,5,card,17.1,14.3,11.6,+485,425,-39.0,park -4%,83F · wind in 4,LvR +8%,,hr,1
2026-08-09,Jac Caglianone,KCR,824078,Matthew Boyd,3,card,16.9,22.5,,+493,,,park -4% [low-conf],97F · wind out 12,LvL -22%,,no,0
2026-08-09,Jackson Chourio,MIL,823751,Connor Prielipp,1,card,16.9,22.5,,+493,,,park +9%,73F · wind out 3 (roof: half),RvL +12%,heat +12%,hr,1
2026-08-09,Pete Alonso,BAL,822862,Kumar Rocker,2,card,16.9,22.6,,+492,,,park +2%,98F (roof: half),RvR -3%,heat -6%,hr,2
2026-08-09,Ivan Johnson,CIN,822700,Brad Lord,9,card,16.6,22.1,,+502,,,park avg,95F · wind out 5,SvR +8%,,void,
2026-08-09,Miguel Vargas,CHW,824564,Joey Cantillo,3,card,16.6,20.4,15.7,+502,440,-15.3,park +9%,71F,RvL +12%,heat +6%,no,0
2026-08-09,Colson Montgomery,CHW,824564,Joey Cantillo,6,card,16.3,16.3,13.5,+513,450,-25.7,park +9%,71F,LvL -22%,,hr,1
2026-08-09,Willson Contreras,BOS,824724,J.T. Ginn,4,card,16.2,21.3,,+518,,,park -7%,90F · wind out 9,RvR -3%,heat +4%,no,0
2026-08-09,Kazuma Okamoto,TOR,823425,Jesús Luzardo,4,card,16.1,21.2,,+520,,,park +9%,93F · wind out 3,RvL +12%,heat +11%,no,0
2026-08-10,Junior Caminero,TBR,824969,Jacob Lopez,1,proj,29.9,35.4,23.8,+234,200,-28.6,park +6% [low-conf],90F · wind out 5,RvL +12%,heat +15%,hr,1
2026-08-10,Shohei Ohtani,LAD,823918,Noah Cameron,2,proj,26.4,25.9,18.7,+279,240,-36.5,park +5%,92F · wind out 5,LvL -22%,heat -1%,no,0
2026-08-10,Kyle Schwarber,PHI,823018,Hunter Dobbins,1,card,25.6,31.2,21.5,+290,250,-24.7,park -7%,96F · wind out 7,LvR +8%,heat +0%,no,0
2026-08-10,Yordan Alvarez,HOU,823189,Blade Tidwell,1,proj,23.6,28.9,20.3,+324,280,-23.0,park -14%,65F · wind out 12,LvR +8%,heat +7%,no,0
2026-08-10,Matt Olson,ATL,824887,Christian Scott,3,card,22.4,25.7,18.5,+346,300,-25.8,park +4%,87F,LvR +8%,heat +7%,no,0
2026-08-10,Wilyer Abreu,BOS,822780,Jameson Taillon,3,card,22.4,22.5,16.8,+346,300,-32.7,park +3% [low-conf],81F · wind out 6 (roof: half),LvR +8%,heat -15%,no,0
2026-08-10,Pete Alonso,BAL,823675,Dean Kremer,2,card,21.4,23.3,17.3,+368,320,-27.5,park -2%,86F,RvR -3%,,no,0
2026-08-10,Willson Contreras,BOS,822780,Jameson Taillon,4,card,20.9,23.0,17.1,+379,330,-26.4,park +3% [low-conf],81F · wind out 6 (roof: half),RvR -3%,heat +6%,no,0
2026-08-10,Corey Seager,TEX,823998,Reid Detmers,7,proj,20.4,14.6,12.0,+391,340,-47.4,park +4%,86F · wind out 6,LvL -22%,,no,0
2026-08-10,Jake Burger,TEX,823998,Reid Detmers,2,proj,19.9,22.5,16.8,+402,350,-24.2,park +4%,86F · wind out 6,RvL +12%,heat +18%,no,0
2026-08-10,Max Muncy,ATH,824969,Freddy Peralta,2,proj,19.6,27.7,,+410,,,park +6% [low-conf],90F · wind out 5,LvR +8%,heat -5%,void,
2026-08-10,Ronald Acuña Jr.,ATL,824887,Christian Scott,2,card,19.5,19.1,15.0,+413,360,-30.9,park +4%,87F,RvR -3%,heat +1%,no,0
2026-08-10,Tyler Soderstrom,ATH,824969,Freddy Peralta,1,proj,19.5,24.9,18.1,+413,360,-16.7,park +6% [low-conf],90F · wind out 5,LvR +8%,heat -10%,no,0
2026-08-10,Wyatt Langford,TEX,823998,Reid Detmers,6,proj,18.9,15.9,13.3,+430,375,-36.9,park +4%,86F · wind out 6,RvL +12%,heat +0%,no,0
2026-08-10,Hunter Goodman,COL,825048,Michael Soroka,4,card,18.7,25.1,18.2,+435,380,-12.4,park +4%,104F (roof: half),RvR -3%,heat +2%,no,0
2026-08-10,Andy Pages,LAD,823918,Noah Cameron,1,proj,18.3,22.3,16.7,+446,390,-18.0,park +5%,92F · wind out 5,RvL +12%,heat +4%,no,0
2026-08-10,Corbin Carroll,ARI,825048,Gabriel Hughes,2,proj,18.3,18.0,14.4,+446,390,-29.4,park +4%,104F (roof: half),LvR +8%,,void,
2026-08-10,Gunnar Henderson,BAL,823675,Dean Kremer,1,card,18.3,18.9,14.9,+446,390,-26.9,park -2%,86F,LvR +8%,heat -2%,no,0
2026-08-10,Mike Trout,LAA,823998,MacKenzie Gore,2,proj,18.3,23.6,17.4,+446,390,-14.6,park +4%,86F · wind out 6,RvL +12%,heat -0%,hr,1
2026-08-10,Zach Neto,LAA,823998,MacKenzie Gore,1,proj,18.3,22.7,16.9,+446,390,-17.1,park +4%,86F · wind out 6,RvL +12%,heat +12%,no,0
2026-08-10,Michael Harris II,ATL,824887,Christian Scott,4,card,17.9,18.2,14.5,+457,400,-27.4,park +4%,87F,LvR +8%,heat +11%,no,0
2026-08-10,Jordan Walker,STL,823018,Andrew Painter,4,card,17.6,19.8,15.4,+469,410,-21.5,park -7%,96F · wind out 7,RvR -3%,heat -3%,no,0
2026-08-10,Lawrence Butler,ATH,824969,Freddy Peralta,4,proj,17.6,13.6,10.8,+469,410,-45.0,park +6% [low-conf],90F · wind out 5,LvR +8%,,no,0
2026-08-10,Rafael Devers,SFG,823189,Hayden Wesneski,1,proj,17.6,22.8,17.0,+469,410,-13.4,park -14%,65F · wind out 12,LvR +8%,,no,0
2026-08-10,Royce Lewis,MIN,823675,Trevor Rogers,3,card,17.6,17.2,14.0,+469,410,-28.8,park -2%,86F,RvL +12%,heat +10%,no,0
2026-08-10,Drake Baldwin,ATL,824887,Christian Scott,1,card,17.2,23.7,17.5,+480,420,-9.2,park +4%,87F,LvR +8%,heat -2%,no,0
2026-08-10,Francisco Lindor,NYM,824887,Bryce Elder,2,card,17.2,19.9,15.5,+480,420,-19.7,park +4%,87F,SvR +8%,heat -2%,hr,1
2026-08-10,Bobby Witt Jr.,KCR,823918,Tarik Skubal,2,proj,17.1,18.5,14.7,+485,425,-22.9,park +5%,92F · wind out 5,RvL +12%,heat +8%,no,0
2026-08-10,Bryce Harper,PHI,823018,Hunter Dobbins,3,card,17.1,21.6,16.4,+485,425,-14.1,park -7%,96F · wind out 7,LvR +8%,heat +8%,no,0
2026-08-10,Manny Machado,SDP,823265,Logan Henderson,2,proj,17.1,20.4,15.7,+485,425,-17.6,park -4%,79F · wind out 3,RvR -3%,,no,0
2026-08-11,Shohei Ohtani,LAD,823917,Michael Wacha,2,proj,29.4,27.5,19.5,+240,205,-40.5,park +5%,90F · wind out 6,LvR +8%,heat +4%,no,0
2026-08-11,Junior Caminero,TBR,824970,Mason Barnett,1,proj,26.8,34.1,23.1,+274,235,-22.6,park +6% [low-conf],90F · wind out 4,RvR -3%,heat -6%,hr,1
2026-08-11,Joc Pederson,TEX,823997,Ryan Johnson,4,proj,24.6,24.5,17.9,+307,265,-34.6,park +4%,89F · wind out 6,LvR +8%,heat +1%,hr,1
2026-08-11,Corey Seager,TEX,823997,Ryan Johnson,7,proj,23.6,17.9,14.3,+324,280,-45.6,park +4%,89F · wind out 6,LvR +8%,heat +3%,no,0
2026-08-11,Max Muncy,ATH,824970,Nick Martinez,2,proj,23.3,27.6,19.6,+329,285,-24.6,park +6% [low-conf],90F · wind out 4,LvR +8%,heat +3%,no,0
2026-08-11,Pete Alonso,BAL,823673,Bailey Ober,2,card,23.0,24.1,17.7,+335,290,-31.0,park -2%,87F,RvR -3%,heat +5%,hr,1
2026-08-11,Ben Rice,NYY,823512,Bryan Woo,2,card,22.7,28.3,20.0,+340,295,-21.1,park +14%,no wx,LvR +8%,heat +12%,no,0
2026-08-11,Trent Grisham,NYY,823512,Bryan Woo,1,card,21.9,20.0,15.5,+357,310,-36.6,park +14%,no wx,LvR +8%,heat -3%,no,0
2026-08-11,Jazz Chisholm Jr.,NYY,823512,Bryan Woo,5,card,21.4,15.0,12.4,+368,320,-47.7,park +14%,no wx,LvR +8%,,no,0
2026-08-11,Mike Trout,LAA,823997,Cody Bradford *,2,proj,21.4,24.5,17.9,+368,320,-24.9,park +4%,89F · wind out 6,RvL +12%,,no,0
2026-08-11,Cal Raleigh,SEA,823512,Ryan Weathers,6,card,21.1,15.1,12.5,+374,325,-46.8,park +14%,no wx,SvL +12%,,no,0
2026-08-11,Corbin Carroll,ARI,825046,Tomoyuki Sugano,2,card,20.9,20.8,15.9,+379,330,-31.5,park +4%,100F (roof: half),LvR +8%,heat +0%,void,
2026-08-11,Pete Crow-Armstrong,CHC,822697,Jake Irvin,1,card,20.9,27.4,19.5,+379,330,-16.2,park avg,86F,LvR +8%,heat +6%,hr,1
2026-08-11,Wyatt Langford,TEX,823997,Ryan Johnson,6,proj,20.9,16.8,13.8,+379,330,-40.9,park +4%,89F · wind out 6,RvR -3%,,no,0
2026-08-11,Jonathan Aranda,TBR,824970,Mason Barnett,2,proj,20.6,20.1,15.6,+385,335,-32.3,park +6% [low-conf],90F · wind out 4,LvR +8%,heat +5%,no,0
2026-08-11,Kyle Schwarber,PHI,823019,Andre Pallante,1,card,20.6,30.6,21.2,+385,335,-7.7,park -7%,98F · wind out 7,LvR +8%,heat +9%,no,0
2026-08-11,Hunter Goodman,COL,825046,Mitch Bratt,2,proj,20.4,30.3,21.0,+391,340,-7.4,park +4%,100F (roof: half),RvL +12%,heat +10%,no,0
2026-08-11,Luis García Jr.,NYY,823512,Bryan Woo,4,card,20.4,18.3,14.6,+391,340,-35.8,park +14%,no wx,LvR +8%,heat +11%,no,0
2026-08-11,Munetaka Murakami,CHW,824563,Nick Lodolo,2,card,20.4,28.7,20.2,+391,340,-11.2,park +9%,74F,LvL -22%,heat +3%,no,0
2026-08-11,Tyler Soderstrom,ATH,824970,Nick Martinez,1,proj,20.4,25.1,18.3,+391,340,-19.7,park +6% [low-conf],90F · wind out 4,LvR +8%,heat +15%,void,
2026-08-11,Zach Neto,LAA,823997,Cody Bradford *,1,proj,20.4,22.6,16.9,+391,340,-25.6,park +4%,89F · wind out 6,RvL +12%,,no,0
2026-08-11,Gunnar Henderson,BAL,823673,Bailey Ober,1,card,19.9,19.5,15.2,+402,350,-31.5,park -2%,87F,LvR +8%,heat +2%,hr,1
2026-08-11,Matt Olson,ATL,824886,Nolan McLean,3,card,19.9,25.9,18.6,+402,350,-16.1,park +4%,91F,LvR +8%,heat -1%,hr,1
2026-08-11,Brandon Nimmo,TEX,823997,Ryan Johnson,1,proj,19.5,21.1,16.1,+413,360,-26.1,park +4%,89F · wind out 6,LvR +8%,heat +2%,no,0
2026-08-11,Kody Clemens,MIN,823673,Brandon Young,4,card,19.1,19.5,15.2,+424,370,-28.6,park -2%,87F,LvR +8%,heat -1%,no,0
2026-08-11,Yordan Alvarez,HOU,823186,Carson Whisenhunt,1,proj,19.1,27.4,19.5,+424,370,-8.4,park -14%,65F · wind out 11,LvL -22%,heat +1%,no,0
2026-08-11,Julio Rodríguez,SEA,823512,Ryan Weathers,3,card,18.7,18.7,14.8,+435,380,-29.1,park +14%,no wx,RvL +12%,heat +9%,no,0
2026-08-11,Michael Busch,CHC,822697,Jake Irvin,3,card,18.7,17.0,13.9,+435,380,-33.4,park avg,86F,LvR +8%,,no,0
2026-08-11,Seiya Suzuki,CHC,822697,Jake Irvin,2,card,18.7,22.3,16.7,+435,380,-19.7,park avg,86F,RvR -3%,heat +0%,hr,1
2026-08-11,Andy Pages,LAD,823917,Michael Wacha,1,proj,18.3,20.7,15.9,+446,390,-22.1,park +5%,90F · wind out 6,RvR -3%,heat +2%,no,0
2026-08-12,Munetaka Murakami,CHW,824562,Rhett Lowder,2,card,27.6,30.7,21.2,+262,225,-31.0,park +9%,80F,LvR +8%,heat +3%,no,0
2026-08-12,Ben Rice,NYY,823511,Bryce Miller,2,card,25.6,31.9,21.9,+290,250,-23.3,park +14%,87F · wind out 5,LvR +8%,heat +7%,no,0
2026-08-12,Colson Montgomery,CHW,824562,Rhett Lowder,5,card,24.6,21.2,16.1,+307,265,-41.1,park +9%,80F,LvR +8%,heat -1%,no,0
2026-08-12,Pete Crow-Armstrong,CHC,822698,Jackson Kent *,1,card,24.6,24.5,17.9,+307,265,-34.6,park avg,87F · wind out 4,LvL -22%,,no,0
2026-08-12,Cal Raleigh,SEA,823511,Will Warren,8,card,23.6,13.5,10.7,+324,280,-59.3,park +14%,87F · wind out 5,SvR +8%,,no,0
2026-08-12,Joc Pederson,TEX,823994,George Klassen,4,proj,23.6,22.2,16.7,+324,280,-36.6,park +4%,85F · wind out 6,LvR +8%,heat -4%,no,0
2026-08-12,Shohei Ohtani,LAD,823916,Daniel Lynch IV,2,proj,23.6,24.6,18.0,+324,280,-31.6,park +5%,86F · wind out 5,LvL -22%,heat +9%,hr,1
2026-08-12,Trent Grisham,NYY,823511,Bryce Miller,1,card,23.6,22.9,17.1,+324,280,-35.1,park +14%,87F · wind out 5,LvR +8%,heat +3%,hr,2
2026-08-12,Bobby Witt Jr.,KCR,823916,Eric Lauer,2,proj,23.3,20.3,15.6,+329,285,-39.8,park +5%,86F · wind out 5,RvL +12%,heat +9%,no,0
2026-08-12,Matt Olson,ATL,824883,Zac Thornton,3,card,23.0,23.4,17.3,+335,290,-32.5,park +4%,no wx,LvL -22%,heat -3%,no,0
2026-08-12,Corey Seager,TEX,823994,George Klassen,7,proj,21.4,15.5,13.0,+368,320,-45.3,park +4%,85F · wind out 6,LvR +8%,,hr,1
2026-08-12,Elly De La Cruz,CIN,824562,Luis Castillo,1,card,21.4,24.2,17.7,+368,320,-25.5,park +9%,80F,SvR +8%,heat +8%,no,0
2026-08-12,JJ Bleday,CIN,824562,Luis Castillo,3,card,21.4,21.8,16.5,+368,320,-30.9,park +9%,80F,LvR +8%,heat +2%,no,0
2026-08-12,Brandon Lowe,PIT,823833,Janson Junk,2,card,20.9,20.7,15.9,+379,330,-31.7,park -9%,87F · wind in 4 (roof: half),LvR +8%,heat +13%,no,0
2026-08-12,Dominic Canzone,SEA,823511,Will Warren,4,card,20.9,22.0,16.6,+379,330,-28.8,park +14%,87F · wind out 5,LvR +8%,heat -1%,hr,1
2026-08-12,Seiya Suzuki,CHC,822698,Jackson Kent *,2,card,20.9,22.8,17.0,+379,330,-27.0,park avg,87F · wind out 4,RvL +12%,,no,0
2026-08-12,Mike Trout,LAA,823994,Cal Quantrill,2,proj,20.4,24.5,17.9,+391,340,-21.2,park +4%,85F · wind out 6,RvR -3%,heat +6%,no,0
2026-08-12,Kyle Schwarber,PHI,823017,Kyle Leahy,1,card,20.1,28.5,,+398,,,park -7%,94F,LvR +8%,heat +6%,no,0
2026-08-12,Jazz Chisholm Jr.,NYY,823511,Bryce Miller,6,card,19.9,15.9,13.3,+402,350,-40.3,park +14%,87F · wind out 5,LvR +8%,,no,0
2026-08-12,Luis García Jr.,NYY,823511,Bryce Miller,4,card,19.9,21.1,16.1,+402,350,-27.5,park +14%,87F · wind out 5,LvR +8%,heat +6%,no,0
2026-08-12,Max Muncy,ATH,824967,Drew Rasmussen,7,card,19.9,19.0,14.9,+402,350,-32.8,park +6% [low-conf],88F · wind out 3,LvR +8%,,no,0
2026-08-12,Andy Pages,LAD,823916,Daniel Lynch IV,1,proj,19.5,21.0,16.0,+413,360,-26.4,park +5%,86F · wind out 5,RvL +12%,heat -6%,no,0
2026-08-12,Jac Caglianone,KCR,823916,Eric Lauer,4,proj,19.5,21.4,16.3,+413,360,-25.2,park +5%,86F · wind out 5,LvL -22%,heat +18%,no,0
2026-08-12,Ronald Acuña Jr.,ATL,824883,Zac Thornton,1,card,19.1,20.6,15.8,+424,370,-25.7,park +4%,no wx,RvL +12%,heat +16%,no,0
2026-08-12,Brandon Nimmo,TEX,823994,George Klassen,1,proj,18.3,18.5,14.7,+446,390,-28.1,park +4%,85F · wind out 6,LvR +8%,heat +4%,no,0
2026-08-12,Michael Busch,CHC,822698,Jackson Kent *,5,card,18.3,12.5,9.9,+446,390,-51.4,park avg,87F · wind out 4,LvL -22%,,no,0
2026-08-12,Spencer Jones,NYY,823511,Bryce Miller,3,card,18.3,22.6,16.9,+446,390,-17.4,park +14%,87F · wind out 5,LvR +8%,heat +1%,no,0
2026-08-12,Austin Wells,NYY,823511,Bryce Miller,8,card,17.9,12.0,9.7,+457,400,-51.3,park +14%,87F · wind out 5,LvR +8%,,no,0
2026-08-12,Dylan Crews,WSN,822698,David Peterson,1,card,17.9,19.6,15.3,+457,400,-23.7,park avg,87F · wind out 4,RvL +12%,heat -6%,no,0
2026-08-12,Julio Rodríguez,SEA,823511,Will Warren,5,card,17.9,16.2,13.4,+457,400,-32.8,park +14%,87F · wind out 5,RvR -3%,,hr,1
2026-08-13,Sal Stewart,CIN,824561,Davis Martin,2,card,16.8,22.5,,+494,,,park +9%,74F · wind in 5,RvR -3%,heat -5%,hr,1
2026-08-13,Cal Raleigh,SEA,823508,Max Fried,4,card,14.9,16.0,13.4,+569,500,-19.9,park +14%,86F · wind out 6,SvL +12%,heat +5%,no,0
2026-08-13,Kyle Schwarber,PHI,823669,Taj Bradley,1,card,27.6,28.9,20.3,+262,225,-34.0,park avg [unknown],no wx,LvR +8%,heat +4%,hr,2
2026-08-13,Byron Buxton,MIN,823669,Aaron Nola,2,card,23.6,29.0,20.3,+324,280,-22.7,park avg [unknown],no wx,RvR -3%,heat -3%,no,0
2026-08-13,Ben Rice,NYY,823508,Logan Gilbert,2,card,21.3,30.8,,+369,,,park +14%,86F · wind out 7,LvR +8%,heat +4%,no,0
2026-08-13,Charles McAdoo,TOR,822776,Payton Tolle,1,card,20.6,29.5,,+386,,,park +3% [low-conf],82F (roof: half),RvL +12%,,no,0
2026-08-13,Shohei Ohtani,LAD,823915,Shane Drohan,2,proj,20.4,23.5,17.4,+391,340,-23.5,park +5%,83F · wind out 7,LvL -22%,heat +5%,no,0
2026-08-13,Joc Pederson,TEX,823995,Walbert Ureña *,4,proj,19.5,22.5,16.8,+413,360,-22.6,park +4%,83F · wind out 5,LvR +8%,heat -2%,no,0
2026-08-13,Kody Clemens,MIN,823669,Aaron Nola,6,card,19.1,17.1,13.9,+424,370,-34.5,park avg [unknown],no wx,LvR +8%,heat -5%,no,0
2026-08-13,Andy Pages,LAD,823915,Shane Drohan,1,proj,18.3,19.7,15.3,+446,390,-24.9,park +5%,83F · wind out 7,RvL +12%,heat +6%,no,0
2026-08-13,Bryce Harper,PHI,823669,Taj Bradley,3,card,18.3,19.8,15.4,+446,390,-24.5,park avg [unknown],no wx,LvR +8%,heat +11%,no,0
2026-08-13,Mike Trout,LAA,823995,Jacob deGrom,2,proj,18.3,23.4,17.3,+446,390,-15.1,park +4%,83F · wind out 5,RvR -3%,heat -9%,no,0
2026-08-13,Corey Seager,TEX,823995,Walbert Ureña *,7,proj,17.6,16.4,13.6,+469,410,-30.8,park +4%,83F · wind out 5,LvR +8%,heat -4%,no,0
2026-08-13,Jackson Chourio,MIL,823915,Roki Sasaki,5,proj,17.6,19.0,14.9,+469,410,-23.8,park +5%,83F · wind out 7,RvR -3%,heat +3%,no,0
2026-08-13,Trent Grisham,NYY,823508,Logan Gilbert,1,card,17.4,23.5,,+475,,,park +14%,86F · wind out 7,LvR +8%,heat -3%,no,0
2026-08-13,Josh Bell,MIN,823669,Aaron Nola,4,card,17.1,16.1,13.4,+485,425,-29.6,park avg [unknown],no wx,SvR +8%,heat -4%,no,0
2026-08-13,Royce Lewis,MIN,823669,Aaron Nola,5,card,17.1,15.6,13.1,+485,425,-31.0,park avg [unknown],no wx,RvR -3%,heat -5%,no,0
2026-08-13,Munetaka Murakami,CHW,824561,Andrew Abbott,5,card,16.7,22.2,,+500,,,park +9%,76F · wind in 6,LvL -22%,heat +3%,no,0
2026-08-13,Elly De La Cruz,CIN,824561,Davis Martin,1,card,16.6,22.1,,+502,,,park +9%,76F · wind in 6,SvR +8%,heat +0%,no,0
2026-08-13,Jake Burger,TEX,823995,Walbert Ureña *,2,proj,16.6,21.0,16.0,+502,440,-13.6,park +4%,83F · wind out 5,RvR -3%,heat -1%,void,
2026-08-13,Dillon Dingler,DET,824238,Parker Messick,2,card,16.4,21.7,,+509,,,park -5%,76F · wind in 4,RvL +12%,heat +5%,no,0
2026-08-13,Jack Brannigan,PIT,823829,Tyler Phillips,6,card,16.4,21.6,,+511,,,park -9%,86F (roof: half),RvR -3%,,void,
2026-08-13,Miguel Vargas,CHW,824561,Andrew Abbott,3,card,16.4,21.7,,+511,,,park +9%,76F · wind in 6,RvL +12%,heat -4%,no,0
2026-08-13,Angel Genao,CLE,824238,Keider Montero,7,card,16.3,21.5,,+515,,,park -5%,76F · wind in 4,SvR +8%,,no,0
2026-08-13,Jake Bauers,MIL,823915,Roki Sasaki,3,proj,16.0,23.4,17.3,+524,460,-2.9,park +5%,83F · wind out 7,LvR +8%,heat -8%,no,0
2026-08-13,Brandon Lowe,PIT,823829,Tyler Phillips,2,card,15.9,20.8,,+529,,,park -9%,86F (roof: half),LvR +8%,heat +0%,no,0
2026-08-13,Luis García Jr.,NYY,823508,Logan Gilbert,4,card,15.7,20.4,,+537,,,park +14%,86F · wind out 7,LvR +8%,heat +2%,no,0
2026-08-13,JJ Bleday,CIN,824561,Davis Martin,3,card,15.6,20.1,,+543,,,park +9%,76F · wind in 6,LvR +8%,heat +4%,no,0
2026-08-13,Wyatt Langford,TEX,823995,Walbert Ureña *,6,proj,15.6,14.9,12.3,+541,475,-29.3,park +4%,83F · wind out 5,RvR -3%,heat -1%,no,0
2026-08-13,Kazuma Okamoto,TOR,822776,Payton Tolle,5,card,15.4,19.9,,+549,,,park +3% [low-conf],82F (roof: half),RvL +12%,heat +9%,no,0
2026-08-13,Esmerlyn Valdez,PIT,823829,Tyler Phillips,5,card,15.1,19.2,,+564,,,park -9%,86F (roof: half),RvR -3%,heat -5%,no,0
2026-08-14,Jac Caglianone,KCR,823993,Grayson Rodriguez,4,proj,26.0,21.6,16.3,+285,245,-43.7,park +4%,82F · wind out 7,LvR +8%,heat +6%,hr,1
2026-08-14,Yordan Alvarez,HOU,824159,George Kirby,2,card,25.6,29.1,20.4,+290,250,-28.6,park +3%,91F · wind out 5 (roof: half),LvR +8%,heat +8%,hr,1
2026-08-14,Munetaka Murakami,CHW,824237,Jackson Jobe *,2,card,25.3,27.9,19.7,+296,255,-30.0,park -5%,84F,LvR +8%,,hr,1
2026-08-14,Shohei Ohtani,LAD,823913,Robert Gasser,2,proj,24.9,24.9,18.1,+301,260,-34.7,park +5%,83F · wind out 7,LvL -22%,heat +0%,no,0
2026-08-14,Matt Olson,ATL,824882,Brandon Pfaadt,3,card,23.3,27.3,19.4,+329,285,-25.1,park +4%,87F · wind out 7,LvR +8%,heat -3%,no,0
2026-08-14,Junior Caminero,TBR,822942,Chris Bassitt,4,card,21.4,24.0,17.6,+368,320,-25.9,park -4% [low-conf],dome,RvR -3%,heat +9%,no,0
2026-08-14,Cal Raleigh,SEA,824159,Peter Lambert,7,card,20.9,12.9,10.1,+379,330,-56.8,park +3%,91F · wind out 5 (roof: half),SvR +8%,,no,0
2026-08-14,Pete Alonso,BAL,822942,Steven Matz,1,card,20.9,26.7,19.1,+379,330,-17.9,park -4% [low-conf],dome,RvL +12%,heat +8%,no,0
2026-08-14,Ben Rice,NYY,822777,Shane Bieber,2,card,19.9,28.9,20.3,+402,350,-8.7,park +3% [low-conf],79F · wind out 3 (roof: half),LvR +8%,heat -9%,no,0
2026-08-14,Tyler Soderstrom,ATH,824968,Kumar Rocker,1,proj,19.9,24.3,17.8,+402,350,-19.9,park +6% [low-conf],77F · wind out 3,LvR +8%,heat -4%,no,0
2026-08-14,Carter Jensen,KCR,823993,Grayson Rodriguez,3,proj,19.5,19.1,15.0,+413,360,-31.0,park +4%,82F · wind out 7,LvR +8%,heat +1%,no,0
2026-08-14,Max Muncy,ATH,824968,Kumar Rocker,2,proj,19.4,27.3,,+415,,,park +6% [low-conf],77F · wind out 3,LvR +8%,heat -2%,no,0
2026-08-14,Colson Montgomery,CHW,824237,Jackson Jobe *,6,card,19.1,17.8,14.3,+424,370,-32.8,park -5%,84F,LvR +8%,,no,0
2026-08-14,Corey Seager,TEX,824968,TBD *,7,proj,19.1,16.9,13.8,+424,370,-35.1,park +6% [low-conf],77F · wind out 3,,,no,0
2026-08-14,Ketel Marte,ARI,824882,Chris Sale,4,card,19.1,17.9,14.3,+424,370,-32.6,park +4%,87F · wind out 7,SvL +12%,heat +7%,void,
2026-08-14,Bobby Witt Jr.,KCR,823993,Grayson Rodriguez,2,proj,18.9,17.8,14.3,+430,375,-32.1,park +4%,82F · wind out 7,RvR -3%,heat -4%,no,0
2026-08-14,Ronald Acuña Jr.,ATL,824882,Brandon Pfaadt,2,card,18.7,20.1,15.6,+435,380,-25.3,park +4%,87F · wind out 7,RvR -3%,heat +11%,no,0
2026-08-14,Andy Pages,LAD,823913,Robert Gasser,1,proj,18.3,21.0,16.0,+446,390,-21.4,park +5%,83F · wind out 7,RvL +12%,heat +11%,hr,1
2026-08-14,Heriberto Hernández,MIA,824479,Chase Burns,5,card,18.3,19.1,15.0,+446,390,-26.4,park +25%,83F,RvR -3%,heat -4%,no,0
2026-08-14,Jake Burger,TEX,824968,TBD *,2,proj,18.3,22.2,16.7,+446,390,-18.2,park +6% [low-conf],77F · wind out 3,,,hr,1
2026-08-14,Mike Trout,LAA,823993,Seth Lugo,2,proj,18.3,24.0,17.6,+446,390,-13.6,park +4%,82F · wind out 7,RvR -3%,heat +9%,no,0
2026-08-14,CJ Abrams,WSN,823591,Robert Stock,1,card,17.9,25.3,18.3,+457,400,-8.4,park -4%,85F · wind out 6,LvR +8%,,no,0
2026-08-14,Coby Mayo,BAL,822942,Steven Matz,3,card,17.9,21.4,16.2,+457,400,-18.9,park -4% [low-conf],dome,RvL +12%,heat +4%,no,0
2026-08-14,Dominic Canzone,SEA,824159,Peter Lambert,3,card,17.9,21.9,16.5,+457,400,-17.4,park +3%,91F · wind out 5 (roof: half),LvR +8%,heat +1%,no,0
2026-08-14,Drake Baldwin,ATL,824882,Brandon Pfaadt,1,card,17.9,25.0,18.2,+457,400,-9.0,park +4%,87F · wind out 7,LvR +8%,heat -3%,no,0
2026-08-14,Elly De La Cruz,CIN,824479,Sandy Alcantara,1,card,17.9,23.3,17.3,+457,400,-13.7,park +25%,83F,SvR +8%,heat +1%,no,0
2026-08-14,Michael Harris II,ATL,824882,Brandon Pfaadt,4,card,17.9,19.0,14.9,+457,400,-25.3,park +4%,87F · wind out 7,LvR +8%,heat -4%,no,0
2026-08-14,Trent Grisham,NYY,822777,Shane Bieber,1,card,17.9,22.0,16.5,+457,400,-17.3,park +3% [low-conf],79F · wind out 3 (roof: half),LvR +8%,heat -15%,hr,1
2026-08-14,JJ Bleday,CIN,824479,Sandy Alcantara,3,card,17.6,21.1,16.1,+469,410,-18.1,park +25%,83F,LvR +8%,heat -3%,no,0
2026-08-14,Jackson Chourio,MIL,823913,Yoshinobu Yamamoto,5,proj,17.6,16.8,13.8,+469,410,-29.8,park +5%,83F · wind out 7,RvR -3%,heat -1%,no,0
2026-08-15,Yordan Alvarez,HOU,824157,Emerson Hancock,2,card,26.8,30.3,21.1,+274,235,-29.4,park +3%,95F · wind out 4 (roof: half),LvR +8%,heat +8%,no,0
2026-08-15,JJ Bleday,CIN,824480,Ryan Gusto,3,card,24.2,21.9,16.5,+313,270,-38.9,park +25%,86F,LvR +8%,heat +6%,no,0
2026-08-15,Kyle Schwarber,PHI,823671,Connor Prielipp,1,card,24.2,28.2,19.9,+313,270,-26.4,park -2%,79F,LvL -22%,heat +4%,no,0
2026-08-15,Joc Pederson,TEX,824966,J.T. Ginn,4,proj,23.3,24.0,17.7,+329,285,-32.0,park +6% [low-conf],82F,LvR +8%,heat -4%,no,0
2026-08-15,Matt Olson,ATL,824884,Eduardo Rodriguez *,3,card,22.7,25.2,18.3,+340,295,-27.8,park +4%,93F · wind out 4,LvL -22%,heat -0%,no,0
2026-08-15,Shohei Ohtani,LAD,823914,Jacob Misiorowski,1,card,22.7,26.8,19.1,+340,295,-24.5,park +5%,83F · wind out 5,LvR +8%,heat +9%,no,0
2026-08-15,Eduardo Valencia,DET,824239,Anthony Kay,5,card,22.6,33.1,,+343,,,park -5%,79F,RvL +12%,,hr,1
2026-08-15,Byron Buxton,MIN,823671,Jesús Luzardo,2,card,21.4,26.1,18.8,+368,320,-21.1,park -2%,79F,RvL +12%,heat +5%,no,0
2026-08-15,Cal Raleigh,SEA,824157,Hayden Wesneski,7,card,21.4,13.8,11.1,+368,320,-53.5,park +3%,95F · wind out 4 (roof: half),SvR +8%,,no,0
2026-08-15,Junior Caminero,TBR,822941,Kyle Bradish,3,card,21.4,24.6,18.0,+368,320,-24.5,park -4% [low-conf],dome,RvR -3%,heat -10%,no,0
2026-08-15,Eugenio Suárez,CIN,824480,Ryan Gusto,5,card,21.1,18.2,14.5,+374,325,-38.2,park +25%,86F,RvR -3%,,no,0
2026-08-15,Corey Seager,TEX,824966,J.T. Ginn,7,proj,20.9,17.8,14.3,+379,330,-38.6,park +6% [low-conf],82F,LvR +8%,heat -1%,no,0
2026-08-15,Jackson Chourio,MIL,823914,Justin Wrobleski,1,card,20.4,24.2,17.8,+391,340,-21.9,park +5%,83F · wind out 5,RvL +12%,heat +18%,no,0
2026-08-15,Heriberto Hernández,MIA,824480,Brady Singer,3,card,19.9,23.0,17.1,+402,350,-23.0,park +25%,86F,RvR -3%,heat -8%,no,0
2026-08-15,Owen Caissie,MIA,824480,Brady Singer,6,card,19.9,19.9,15.4,+402,350,-30.7,park +25%,86F,LvR +8%,heat -0%,no,0
2026-08-15,Pete Alonso,BAL,822941,Ian Seymour,2,card,19.9,24.0,17.6,+402,350,-20.6,park -4% [low-conf],dome,RvL +12%,heat +13%,hr,1
2026-08-15,Munetaka Murakami,CHW,824239,Troy Melton,2,card,19.8,28.1,,+404,,,park -5%,79F,LvR +8%,heat +1%,no,0
2026-08-15,Bobby Witt Jr.,KCR,823990,Reid Detmers,2,proj,19.5,18.0,14.4,+413,360,-33.7,park +4%,84F · wind out 6,RvL +12%,heat +18%,no,0
2026-08-15,Coby Mayo,BAL,822941,Ian Seymour,4,card,19.1,19.1,15.0,+424,370,-29.6,park -4% [low-conf],dome,RvL +12%,heat +5%,no,0
2026-08-15,Elly De La Cruz,CIN,824480,Ryan Gusto,1,card,19.1,24.2,17.8,+424,370,-16.5,park +25%,86F,SvR +8%,heat +6%,no,0
2026-08-15,Jake Bauers,MIL,823914,Justin Wrobleski,4,card,19.1,18.7,14.8,+424,370,-30.5,park +5%,83F · wind out 5,LvL -22%,heat +10%,no,0
2026-08-15,Tyler O'Neill,BAL,822941,Ian Seymour,1,card,19.1,22.5,16.8,+424,370,-20.9,park -4% [low-conf],dome,RvL +12%,heat +3%,no,0
2026-08-15,Joshua Báez,STL,824644,Matthew Boyd,5,card,18.8,26.1,,+433,,,park avg,no wx,RvL +12%,,hr,3
2026-08-15,Gary Sánchez,MIL,823914,Justin Wrobleski,5,card,18.7,17.7,14.2,+435,380,-31.7,park +5%,83F · wind out 5,RvL +12%,,no,0
2026-08-15,Willson Contreras,BOS,823347,Jared Jones,4,card,18.7,19.3,15.1,+435,380,-27.4,park -9%,83F,RvR -3%,heat +8%,no,0
2026-08-15,Dominic Canzone,SEA,824157,Hayden Wesneski,3,card,18.3,23.1,17.2,+446,390,-15.8,park +3%,95F · wind out 4 (roof: half),LvR +8%,,no,0
2026-08-15,Griffin Conine,MIA,824480,Brady Singer,4,card,18.3,26.0,18.7,+446,390,-8.3,park +25%,86F,LvR +8%,heat -0%,no,0
2026-08-15,Jac Caglianone,KCR,823990,Reid Detmers,4,proj,18.3,19.7,15.3,+446,390,-25.0,park +4%,84F · wind out 6,LvL -22%,heat +15%,no,0
2026-08-15,Mike Trout,LAA,823990,Randy Dobnak,2,proj,18.3,22.3,16.8,+446,390,-17.9,park +4%,84F · wind out 6,RvR -3%,,no,0
2026-08-15,Wilyer Abreu,BOS,823347,Jared Jones,5,card,18.3,16.2,13.5,+446,390,-34.1,park -9%,83F,LvR +8%,,hr,1
2026-08-16,Eugenio Suárez,CIN,824477,Eury Pérez *,4,card,19.5,19.7,15.3,+413,360,-29.5,park +25%,86F · wind out 7,RvR -3%,,no,0
2026-08-16,Austin Riley,ATL,824880,Michael Soroka,8,card,18.3,10.9,9.4,+446,390,-53.9,park +4%,94F · wind out 4,RvR -3%,,no,0
2026-08-16,Corbin Carroll,ARI,824880,Bryce Elder,2,card,18.3,21.0,16.0,+446,390,-21.4,park +4%,94F · wind out 4,LvR +8%,heat -1%,void,
2026-08-16,Francisco Lindor,NYM,823590,Jake Irvin,2,card,18.3,23.2,17.2,+446,390,-15.6,park -4%,80F · wind out 9,SvR +8%,heat +8%,no,0
2026-08-16,Michael Toglia,CIN,824477,Eury Pérez *,5,card,18.3,13.6,10.9,+446,390,-46.7,park +25%,86F · wind out 7,SvR +8%,,no,0
2026-08-16,Heriberto Hernández,MIA,824477,Nick Lodolo,2,card,17.9,27.3,19.4,+457,400,-2.8,park +25%,86F · wind out 7,RvL +12%,heat +3%,hr,1
2026-08-16,JJ Bleday,CIN,824477,Eury Pérez *,3,card,17.9,21.7,16.4,+457,400,-18.0,park +25%,86F · wind out 7,LvR +8%,heat -6%,no,0
2026-08-16,Elly De La Cruz,CIN,824477,Eury Pérez *,1,card,17.6,24.0,17.7,+469,410,-9.9,park +25%,86F · wind out 7,SvR +8%,heat -3%,no,0
2026-08-16,Yordan Alvarez,HOU,824156,Bryan Woo,2,card,24.6,29.3,20.5,+307,265,-25.2,park +3%,93F (roof: half),LvR +8%,heat +5%,no,0
2026-08-16,Eduardo Valencia,DET,824236,Sean Burke,4,card,23.9,35.6,,+319,,,park -5%,85F · wind out 5,RvR -3%,,no,0
2026-08-16,Abimelec Ortiz,WSN,823590,Christian Scott,2,card,23.0,33.9,,+336,,,park -4%,76F · wind out 8,LvR +8%,,hr,1
2026-08-16,Christian Franklin,BAL,822940,Freddy Peralta,2,card,21.3,30.8,,+369,,,park -4% [low-conf],dome,RvR -3%,,no,0
2026-08-16,Munetaka Murakami,CHW,824236,Drew Anderson,2,card,20.4,29.2,,+389,,,park -5%,85F · wind out 5,LvR +8%,heat +2%,hr,1
2026-08-16,Ben Rice,NYY,822774,Dylan Cease,1,card,19.9,28.3,,+401,,,park +3% [low-conf],76F (roof: half),LvR +8%,heat +5%,hr,1
2026-08-16,Byron Buxton,MIN,823670,Andrew Painter,2,card,19.9,28.2,,+403,,,park -2%,81F · wind out 4,RvR -3%,heat -5%,no,0
2026-08-16,Shohei Ohtani,LAD,823912,Logan Henderson,1,card,19.5,28.1,19.8,+413,360,-8.8,park +5%,85F · wind out 4,LvR +8%,heat +9%,no,0
2026-08-16,Teoscar Hernández,LAD,823912,Logan Henderson,8,card,19.1,11.3,9.5,+424,370,-55.3,park +5%,85F · wind out 4,RvR -3%,,no,0
2026-08-16,Matt Olson,ATL,824880,Michael Soroka,3,card,18.7,26.0,,+434,,,park +4%,95F · wind out 5,LvR +8%,heat +5%,hr,1
2026-08-16,Sal Stewart,CIN,824477,Eury Pérez *,2,card,18.5,25.7,,+439,,,park +25%,89F · wind out 7,RvR -3%,heat -2%,no,0
2026-08-16,Wyatt Langford,TEX,824965,Jacob Lopez,1,card,18.3,25.0,18.2,+446,390,-10.9,park +6% [low-conf],89F,RvL +12%,heat -3%,no,0
2026-08-16,Esmerlyn Valdez,PIT,823344,Patrick Sandoval,2,card,18.0,24.7,,+456,,,park -9%,75F · wind out 7,RvL +12%,heat +4%,no,0
2026-08-16,Fernando Tatis Jr.,SDP,824397,Tanner Bibee,1,card,17.9,16.2,13.4,+457,400,-32.8,park -3%,79F,RvR -3%,heat -5%,no,0
2026-08-16,CJ Abrams,WSN,823590,Christian Scott,1,card,17.5,23.7,,+472,,,park -4%,76F · wind out 8,LvR +8%,heat -2%,no,0
2026-08-16,Pete Crow-Armstrong,CHC,824642,Hunter Dobbins,1,card,17.5,23.7,,+473,,,park avg,82F,LvR +8%,heat +1%,hr,1
2026-08-16,Drake Baldwin,ATL,824880,Michael Soroka,1,card,17.4,23.6,,+474,,,park +4%,95F · wind out 5,LvR +8%,heat +3%,no,0
2026-08-16,Jackson Merrill,SDP,824397,Tanner Bibee,5,card,17.1,15.7,13.1,+485,425,-31.0,park -3%,79F,LvR +8%,,no,0
2026-08-16,Cal Raleigh,SEA,824156,Hunter Brown,5,proj,16.9,14.5,11.8,+491,430,-37.4,park +3%,93F (roof: half),SvR +8%,,hr,1
2026-08-16,Brian Navarreto,MIA,824477,Nick Lodolo,9,card,16.7,22.3,,+498,,,park +25%,89F · wind out 7,RvL +12%,,no,0
2026-08-16,Jake Burger,TEX,824965,Jacob Lopez,4,card,16.4,21.6,,+511,,,park +6% [low-conf],89F,RvL +12%,heat +11%,hr,1
2026-08-16,Christian Encarnacion-Strand,BAL,822940,Freddy Peralta,4,card,16.3,21.4,,+515,,,park -4% [low-conf],dome,RvR -3%,,no,0
2026-08-16,James Triantos,CHC,824642,Hunter Dobbins,7,card,16.3,21.5,,+513,,,park avg,82F,RvR -3%,,no,0
2026-08-16,Kyle Tucker,LAD,823912,Logan Henderson,6,card,16.3,10.8,9.4,+513,450,-48.5,park +5%,85F · wind out 4,LvR +8%,,no,0
2026-08-16,Dillon Dingler,DET,824236,Sean Burke,3,card,16.2,21.2,,+519,,,park -5%,85F · wind out 5,RvR -3%,heat -0%,no,0
2026-08-16,Miguel Vargas,CHW,824236,Drew Anderson,3,card,16.2,21.3,,+518,,,park -5%,85F · wind out 5,RvR -3%,heat -5%,hr,1
2026-08-17,Jordan Walker,STL,824514,Kent Emanuel *,3,proj,19.1,23.9,17.6,+424,370,-17.3,park +25%,83F · wind out 4,RvL +12%,,no,0
2026-08-17,Everson Pereira,STL,824514,Kent Emanuel *,9,proj,18.7,14.6,12.0,+435,380,-42.3,park +25%,83F · wind out 4,RvL +12%,,no,0
2026-08-17,Alec Burleson,STL,824514,Kent Emanuel *,2,proj,17.6,21.6,16.3,+469,410,-16.8,park +25%,83F · wind out 4,LvL -22%,,no,0
2026-08-17,Shohei Ohtani,LAD,824320,Tomoyuki Sugano,2,proj,31.1,30.9,21.4,+221,188,-38.4,park +9%,94F,LvR +8%,heat +6%,hr,2
2026-08-17,Kyle Schwarber,PHI,823427,Janson Junk,1,card,28.9,29.9,20.8,+246,210,-35.4,park +9%,86F,LvR +8%,heat +10%,no,0
2026-08-17,Matt Olson,ATL,823668,Bailey Ober,3,card,26.4,29.1,20.4,+279,240,-30.6,park -2%,84F · wind out 8,LvR +8%,heat -0%,no,0
2026-08-17,Alec Burleson,STL,824478,Rhett Lowder,2,proj,25.3,23.6,17.4,+296,255,-38.2,park +25%,84F · wind out 5,LvR +8%,heat +5%,no,0
2026-08-17,Hunter Goodman,COL,824320,Blake Snell,3,card,24.6,27.8,19.7,+307,265,-28.1,park +9%,94F,RvL +12%,,void,
2026-08-17,Byron Buxton,MIN,823668,Martín Pérez *,2,card,23.6,29.1,20.4,+324,280,-22.6,park -2%,84F · wind out 8,RvL +12%,heat -2%,no,0
2026-08-17,Pete Crow-Armstrong,CHC,824641,Luis Castillo,2,proj,23.0,22.3,16.7,+335,290,-34.7,park avg,74F,LvR +8%,heat +4%,hr,2
2026-08-17,Ronald Acuña Jr.,ATL,823668,Bailey Ober,2,card,21.9,21.2,16.1,+357,310,-33.9,park -2%,84F · wind out 8,RvR -3%,heat +9%,no,0
2026-08-17,Junior Caminero,TBR,822939,Brandon Young,3,card,21.4,25.7,18.6,+368,320,-22.1,park -4% [low-conf],dome,RvR -3%,heat +6%,no,0
2026-08-17,Munetaka Murakami,CHW,824641,Shota Imanaga,2,card,21.1,30.4,21.1,+374,325,-10.5,park avg,74F,LvL -22%,heat +3%,no,0
2026-08-17,Drake Baldwin,ATL,823668,Bailey Ober,1,card,20.9,26.0,18.7,+379,330,-19.6,park -2%,84F · wind out 8,LvR +8%,heat -4%,no,0
2026-08-17,Miguel Vargas,CHW,824641,Shota Imanaga,3,card,20.4,25.2,18.3,+391,340,-19.4,park avg,74F,RvL +12%,heat +1%,no,0
2026-08-17,Andy Pages,LAD,824320,Tomoyuki Sugano,1,proj,19.9,24.0,17.7,+402,350,-20.5,park +9%,94F,RvR -3%,heat -5%,no,0
2026-08-17,Bryce Harper,PHI,823427,Janson Junk,3,card,19.5,19.7,15.3,+413,360,-29.4,park +9%,86F,LvR +8%,heat +18%,no,0
2026-08-17,Michael Harris II,ATL,823668,Bailey Ober,4,card,19.5,19.9,15.4,+413,360,-29.1,park -2%,84F · wind out 8,LvR +8%,heat -1%,no,0
2026-08-17,Jordan Walker,STL,824478,Rhett Lowder,3,proj,19.1,23.1,17.2,+424,370,-19.4,park +25%,84F · wind out 5,RvR -3%,heat +10%,no,0
2026-08-17,Freddie Freeman,LAD,824320,Tomoyuki Sugano,3,proj,18.7,18.9,14.9,+435,380,-28.6,park +9%,94F,LvR +8%,heat -3%,no,0
2026-08-17,Willson Contreras,BOS,824725,Mitch Bratt,4,card,18.7,18.9,14.9,+435,380,-28.5,park -7%,76F,RvL +12%,heat +3%,hr,1
2026-08-17,Bobby Witt Jr.,KCR,824077,Mason Barnett,2,card,18.3,19.0,14.9,+446,390,-26.8,park -4% [low-conf],86F,RvR -3%,heat -4%,hr,1
2026-08-17,Elly De La Cruz,CIN,824514,Quinn Mathews *,2,proj,18.3,23.5,17.3,+446,390,-15.0,park +25%,84F · wind out 5,SvL +12%,,no,0
2026-08-17,Elly De La Cruz,CIN,824478,Andre Pallante,2,proj,18.3,22.6,16.9,+446,390,-17.2,park +25%,84F · wind out 5,SvR +8%,heat +8%,no,0
2026-08-17,JJ Bleday,CIN,824514,Quinn Mathews *,3,proj,18.3,20.6,15.8,+446,390,-22.6,park +25%,84F · wind out 5,LvL -22%,,no,0
2026-08-17,JJ Bleday,CIN,824478,Andre Pallante,3,proj,18.3,21.7,16.4,+446,390,-19.5,park +25%,84F · wind out 5,LvR +8%,heat +5%,no,0
2026-08-17,JJ Wetherholt,STL,824514,Kent Emanuel *,1,proj,18.3,19.5,15.2,+446,390,-25.5,park +25%,84F · wind out 5,LvL -22%,,no,0
2026-08-17,JJ Wetherholt,STL,824478,Rhett Lowder,1,proj,18.3,21.2,16.1,+446,390,-21.1,park +25%,84F · wind out 5,LvR +8%,heat -6%,no,0
2026-08-17,Royce Lewis,MIN,823668,Martín Pérez *,5,card,18.3,15.9,13.3,+446,390,-35.0,park -2%,84F · wind out 8,RvL +12%,heat -5%,no,0
2026-08-17,Jac Caglianone,KCR,824077,Mason Barnett,3,card,17.9,24.4,17.9,+457,400,-10.6,park -4% [low-conf],86F,LvR +8%,heat -2%,no,0
2026-08-17,Kyle Tucker,LAD,824320,Tomoyuki Sugano,4,proj,17.9,15.1,12.5,+457,400,-37.3,park +9%,94F,LvR +8%,,no,0
2026-08-18,Shohei Ohtani,LAD,824319,Ryan Feltner,2,proj,30.1,29.0,20.3,+232,198,-39.5,park +9%,89F · wind in 7,LvR +8%,heat +12%,hr,1
2026-08-18,Yordan Alvarez,HOU,824154,George Klassen,1,proj,27.2,31.2,21.5,+268,230,-29.1,park +3%,95F (roof: half),LvR +8%,,no,0
2026-08-18,Kyle Schwarber,PHI,823423,Cade Gibson,1,card,25.6,26.6,19.0,+290,250,-33.3,park +9%,86F,LvL -22%,heat +1%,no,0
2026-08-18,Munetaka Murakami,CHW,824639,Kevin Gausman,2,card,24.6,30.6,21.2,+307,265,-22.6,park avg,80F · wind out 9,LvR +8%,heat -3%,hr,1
2026-08-18,Matt Olson,ATL,823667,Zebby Matthews,3,card,23.6,27.4,19.5,+324,280,-26.0,park -2%,81F · wind out 4,LvR +8%,heat -1%,no,0
2026-08-18,Max Muncy,ATH,824075,Daniel Lynch IV,1,proj,23.3,26.2,18.8,+329,285,-27.5,park -4% [low-conf],81F,LvL -22%,heat -8%,no,0
2026-08-18,Pete Crow-Armstrong,CHC,824639,Bryan Hudson,2,proj,22.4,21.3,16.2,+346,300,-35.3,park avg,80F · wind out 9,LvL -22%,heat +9%,hr,1
2026-08-18,Jordan Walker,STL,824475,Andrew Abbott,3,card,21.9,23.2,17.2,+357,310,-29.5,park +25%,83F · wind out 4,RvL +12%,heat -9%,no,0
2026-08-18,Miguel Vargas,CHW,824639,Kevin Gausman,3,card,21.4,22.6,16.9,+368,320,-29.1,park avg,80F · wind out 9,RvR -3%,heat -1%,no,0
2026-08-18,Mike Trout,LAA,824154,Cristian Javier,2,card,21.4,21.1,16.1,+368,320,-32.5,park +3%,95F (roof: half),RvR -3%,heat -10%,no,0
2026-08-18,Brandon Lowe,PIT,823341,Keider Montero,2,proj,20.9,23.0,17.1,+379,330,-26.4,park -9%,81F · wind out 6,LvR +8%,heat +9%,no,0
2026-08-18,Oneil Cruz,PIT,823341,Keider Montero,7,proj,20.9,15.2,12.7,+379,330,-45.5,park -9%,81F · wind out 6,LvR +8%,,hr,1
2026-08-18,Trent Grisham,NYY,824803,Shane Baz,1,card,20.9,22.3,16.7,+379,330,-28.2,park +4% [low-conf],88F,LvR +8%,heat +2%,hr,1
2026-08-18,Ben Rice,NYY,824803,Shane Baz,2,card,20.4,29.1,20.4,+391,340,-10.3,park +4% [low-conf],88F,LvR +8%,heat +13%,no,0
2026-08-18,Seiya Suzuki,CHC,824639,Bryan Hudson,6,proj,20.4,15.3,12.8,+391,340,-43.6,park avg,80F · wind out 9,RvL +12%,,no,0
2026-08-18,Fernando Tatis Jr.,SDP,823586,Zac Thornton,1,card,19.9,16.6,13.6,+402,350,-38.6,park -4%,80F · wind out 7,RvL +12%,heat +18%,hr,2
2026-08-18,Francisco Lindor,NYM,823586,Robbie Ray,1,card,19.9,20.2,15.6,+402,350,-29.8,park -4%,80F · wind out 7,SvL +12%,heat -3%,no,0
2026-08-18,Junior Caminero,TBR,822938,José Soriano,2,card,19.9,26.0,18.7,+402,350,-15.8,park -4% [low-conf],dome,RvR -3%,heat -10%,no,0
2026-08-18,Manny Machado,SDP,823586,Zac Thornton,3,card,19.5,19.4,15.2,+413,360,-30.2,park -4%,80F · wind out 7,RvL +12%,heat +18%,hr,1
2026-08-18,Sal Stewart,CIN,824475,Kyle Leahy,2,card,19.5,24.2,17.8,+413,360,-18.3,park +25%,83F · wind out 4,RvR -3%,heat +5%,no,0
2026-08-18,Alec Burleson,STL,824475,Andrew Abbott,4,card,19.1,18.4,14.6,+424,370,-31.3,park +25%,83F · wind out 4,LvL -22%,heat +10%,no,0
2026-08-18,Coby Mayo,BAL,824803,Carlos Rodón *,4,card,19.1,20.8,15.9,+424,370,-25.1,park +4% [low-conf],88F,RvL +12%,heat +6%,hr,1
2026-08-18,Colson Montgomery,CHW,824639,Kevin Gausman,6,card,19.1,19.0,14.9,+424,370,-29.8,park avg,80F · wind out 9,LvR +8%,heat -6%,no,0
2026-08-18,Drake Baldwin,ATL,823667,Zebby Matthews,1,card,19.1,24.5,17.9,+424,370,-15.8,park -2%,81F · wind out 4,LvR +8%,heat +1%,hr,1
2026-08-18,Wilyer Abreu,BOS,824723,Merrill Kelly,3,card,19.1,18.7,14.8,+424,370,-30.5,park -7%,77F · wind in 5,LvR +8%,heat -12%,no,0
2026-08-18,JJ Bleday,CIN,824475,Kyle Leahy,3,card,18.7,20.8,15.9,+435,380,-23.5,park +25%,83F · wind out 4,LvR +8%,heat +1%,no,0
2026-08-18,Cal Raleigh,SEA,823749,Kyle Harrison,7,card,18.3,13.3,10.4,+446,390,-48.8,park +9%,80F (roof: half),SvL +12%,,no,0
2026-08-18,Corey Seager,TEX,822859,Jackson Kent *,2,card,18.3,21.9,16.5,+446,390,-19.1,park +2%,106F (roof: half),LvL -22%,,no,0
2026-08-18,Jac Caglianone,KCR,824075,Jack Perkins,3,card,18.3,23.3,17.3,+446,390,-15.3,park -4% [low-conf],81F,LvR +8%,heat +3%,no,0
2026-08-19,Byron Buxton,MIN,823664,AJ Smith-Shawver *,2,card,18.7,26.4,18.9,+435,380,-9.2,park -2%,78F,RvR -3%,,no,0
2026-08-19,Matt Olson,ATL,823664,Taj Bradley,3,card,18.3,25.6,18.5,+446,390,-9.2,park -2%,78F,LvR +8%,heat +0%,no,0
2026-08-19,Shohei Ohtani,LAD,824318,Kyle Freeland,2,proj,30.1,27.1,19.3,+232,198,-42.5,park +9%,92F · wind in 3,LvL -22%,heat +11%,no,0
2026-08-19,Kyle Schwarber,PHI,823424,Sandy Alcantara,1,card,28.5,30.2,21.0,+251,215,-34.0,park +9%,87F,LvR +8%,heat +3%,no,0
2026-08-19,Yordan Alvarez,HOU,824155,Walbert Ureña *,2,card,24.6,29.5,20.6,+307,265,-24.9,park +3%,92F (roof: half),LvR +8%,heat +4%,no,0
2026-08-19,Ben Rice,NYY,824801,Chris Bassitt,2,card,23.3,29.3,20.5,+329,285,-21.0,park +4% [low-conf],88F · wind out 4,LvR +8%,heat +11%,hr,1
2026-08-19,Junior Caminero,TBR,822937,Max Scherzer,2,card,22.4,29.6,20.6,+346,300,-17.4,park -4% [low-conf],dome,RvR -3%,heat +3%,no,0
2026-08-19,Max Muncy,ATH,824076,Seth Lugo,9,card,22.1,16.3,13.5,+352,305,-45.3,park -4% [low-conf],79F,LvR +8%,,hr,1
2026-08-19,Pete Alonso,BAL,824801,Will Warren,2,card,21.9,25.9,18.7,+357,310,-23.5,park +4% [low-conf],88F · wind out 4,RvR -3%,heat +6%,hr,1
2026-08-19,Sal Stewart,CIN,824476,Matthew Liberatore,2,card,21.4,26.2,18.8,+368,320,-20.8,park +25%,76F,RvL +12%,heat +6%,hr,1
2026-08-19,Trent Grisham,NYY,824801,Chris Bassitt,1,card,21.4,23.1,17.2,+368,320,-27.8,park +4% [low-conf],88F · wind out 4,LvR +8%,heat -5%,no,0
2026-08-19,Mickey Moniak,COL,824318,Roki Sasaki,6,proj,20.6,20.1,15.6,+385,335,-32.3,park +9%,92F · wind in 3,LvR +8%,heat -3%,hr,1
2026-08-19,Bryce Harper,PHI,823424,Sandy Alcantara,3,card,20.4,19.9,15.5,+391,340,-32.0,park +9%,87F,LvR +8%,heat +12%,no,0
2026-08-19,Griffin Conine,MIA,823424,Aaron Nola,4,card,20.4,26.0,18.7,+391,340,-17.7,park +9%,87F,LvR +8%,heat -1%,no,0
2026-08-19,Andy Pages,LAD,824318,Kyle Freeland,1,proj,19.9,22.5,16.8,+402,350,-24.3,park +9%,92F · wind in 3,RvL +12%,heat +1%,no,0
2026-08-19,Eugenio Suárez,CIN,824476,Matthew Liberatore,4,card,19.9,21.2,16.1,+402,350,-27.4,park +25%,76F,RvL +12%,heat +0%,no,0
2026-08-19,Luis García Jr.,NYY,824801,Chris Bassitt,3,card,19.9,20.8,15.9,+402,350,-28.5,park +4% [low-conf],88F · wind out 4,LvR +8%,heat +13%,no,0
2026-08-19,Samuel Basallo,BAL,824801,Will Warren,4,card,19.9,22.3,16.7,+402,350,-24.8,park +4% [low-conf],88F · wind out 4,LvR +8%,heat +3%,no,0
2026-08-19,Munetaka Murakami,CHW,824640,Clay Holmes,2,card,19.6,27.6,,+410,,,park avg,74F · wind in 8,LvR +8%,heat +1%,no,0
2026-08-19,Elly De La Cruz,CIN,824476,Matthew Liberatore,1,card,19.5,24.5,17.9,+413,360,-17.6,park +25%,76F,SvL +12%,heat +17%,no,0
2026-08-19,Mike Trout,LAA,824155,Ethan Pecko *,2,card,19.5,20.9,16.0,+413,360,-26.5,park +3%,92F (roof: half),RvR -3%,,no,0
2026-08-19,Jake Bauers,MIL,823748,Logan Gilbert,3,card,19.1,21.2,16.1,+424,370,-24.2,park +9%,73F · wind in 4 (roof: half),LvR +8%,heat -3%,no,0
2026-08-19,Eduardo Valencia,DET,823342,Paul Skenes,1,card,19.0,26.5,,+426,,,park -9%,81F · wind out 5,RvR -3%,,no,0
2026-08-19,Alec Burleson,STL,824476,Chase Burns,3,card,18.3,20.0,15.5,+446,390,-24.2,park +25%,76F,LvR +8%,heat +4%,no,0
2026-08-19,Bobby Witt Jr.,KCR,824076,Jeffrey Springs,2,card,17.9,20.7,15.9,+457,400,-20.7,park -4% [low-conf],79F,RvL +12%,heat +1%,no,0
2026-08-19,Corey Seager,TEX,822860,Cade Cavalli,2,card,17.9,23.7,17.5,+457,400,-12.7,park +2%,105F (roof: half),LvR +8%,heat +6%,no,0
2026-08-19,Heriberto Hernández,MIA,823424,Aaron Nola,5,card,17.6,20.6,15.8,+469,410,-19.4,park +9%,87F,RvR -3%,heat -9%,no,0
2026-08-19,Mookie Betts,LAD,824318,Kyle Freeland,5,proj,17.6,17.2,14.0,+469,410,-28.8,park +9%,92F · wind in 3,RvL +12%,heat -4%,hr,1
2026-08-19,Salvador Perez,KCR,824076,Jeffrey Springs,6,card,17.2,15.6,13.1,+480,420,-31.9,park -4% [low-conf],79F,RvL +12%,,no,0
2026-08-19,Abimelec Ortiz,WSN,822860,Kumar Rocker,2,card,17.1,38.5,25.4,+485,425,33.6,park +2%,105F (roof: half),LvR +8%,,no,0
2026-08-20,Munetaka Murakami,CHW,824589,Grant Holmes,2,card,23.0,30.6,21.2,+335,290,-17.3,park +9%,74F · wind out 4,LvR +8%,heat -0%,no,0
2026-08-20,Colson Montgomery,CHW,824589,Grant Holmes,6,card,20.4,18.6,14.7,+391,340,-35.2,park +9%,74F · wind out 4,LvR +8%,heat -6%,no,0
2026-08-20,Matt Olson,ATL,824589,Anthony Kay,3,card,19.9,24.5,17.9,+402,350,-19.4,park +9%,74F · wind out 4,LvL -22%,heat -2%,no,0
2026-08-20,Miguel Vargas,CHW,824589,Grant Holmes,3,card,19.5,22.2,16.7,+413,360,-23.3,park +9%,74F · wind out 4,RvR -3%,heat -3%,no,0
2026-08-20,Junior Caminero,TBR,822934,Shane Bieber,2,card,17.9,28.3,19.9,+457,400,-0.3,park -4% [low-conf],dome,RvR -3%,heat -5%,no,0
2026-08-20,Ronald Acuña Jr.,ATL,824589,Anthony Kay,1,card,17.2,21.2,16.1,+480,420,-16.2,park +9%,74F · wind out 4,RvL +12%,heat +1%,no,0
2026-08-20,Drake Baldwin,ATL,824589,Anthony Kay,2,card,16.9,20.9,15.9,+491,430,-15.5,park +9%,74F · wind out 4,LvL -22%,heat +3%,no,0
2026-08-20,Jordan Walker,STL,824474,Brady Singer,4,card,16.1,21.2,,+520,,,park +25%,76F,RvR -3%,heat -7%,hr,1
2026-08-20,Kazuma Okamoto,TOR,822934,Ian Seymour,5,card,15.2,19.5,,+557,,,park -4% [low-conf],dome,RvL +12%,heat +4%,hr,1
2026-08-20,Austin Riley,ATL,824589,Anthony Kay,8,card,14.9,11.1,9.5,+569,500,-43.2,park +9%,74F · wind out 4,RvL +12%,,no,0
2026-08-20,Yordan Alvarez,HOU,824153,Grayson Rodriguez,1,proj,26.4,31.9,21.9,+279,240,-25.6,park +3%,94F (roof: half),LvR +8%,heat +5%,no,0
2026-08-20,Charles McAdoo,TOR,822934,Ian Seymour,1,card,19.9,28.1,,+404,,,park -4% [low-conf],dome,RvL +12%,,no,0
2026-08-20,Mike Trout,LAA,824153,Peter Lambert,2,card,19.9,20.3,15.6,+402,350,-29.7,park +3%,94F (roof: half),RvR -3%,heat +5%,no,0
2026-08-20,Ben Rice,NYY,824802,Kyle Bradish,2,card,19.5,29.1,20.4,+413,360,-6.2,park +4% [low-conf],86F · wind out 8,LvR +8%,heat +3%,no,0
2026-08-20,Pete Alonso,BAL,824802,Gerrit Cole,2,card,19.1,26.4,18.9,+424,370,-11.0,park +4% [low-conf],86F · wind out 8,RvR -3%,heat +8%,no,0
2026-08-20,Sal Stewart,CIN,824474,Michael McGreevy,2,card,18.6,25.9,,+436,,,park +25%,80F,RvR -3%,heat -4%,no,0
2026-08-20,Christian Walker,HOU,824153,Grayson Rodriguez,3,proj,17.9,20.1,15.5,+457,400,-22.4,park +3%,94F (roof: half),RvR -3%,heat +3%,void,
2026-08-20,Corey Seager,TEX,822861,Andrew Alvarez,2,card,17.9,19.9,15.4,+457,400,-23.0,park +2%,105F (roof: half),LvL -22%,heat +0%,hr,1
2026-08-20,Elly De La Cruz,CIN,824474,Michael McGreevy,1,card,17.8,24.2,,+463,,,park +25%,80F,SvR +8%,heat -1%,no,0
2026-08-20,Abimelec Ortiz,WSN,822861,Jacob deGrom,2,card,17.2,37.2,24.7,+480,420,28.7,park +2%,105F (roof: half),LvR +8%,,no,0
2026-08-20,Zach Neto,LAA,824153,Peter Lambert,4,card,17.1,15.5,13.0,+485,425,-31.7,park +3%,94F (roof: half),RvR -3%,heat +10%,hr,1
2026-08-20,JJ Bleday,CIN,824474,Michael McGreevy,3,card,16.4,21.7,,+510,,,park +25%,80F,LvR +8%,heat -8%,no,0
2026-08-20,Alec Burleson,STL,824474,Brady Singer,3,card,16.3,21.4,,+515,,,park +25%,80F,LvR +8%,heat +2%,no,0
2026-08-20,Rafael Devers,SFG,824395,Gavin Williams,2,card,16.1,21.2,,+521,,,park -3%,78F · wind in 8,LvR +8%,heat +9%,no,0
2026-08-20,Jake Burger,TEX,822861,Andrew Alvarez,3,card,16.0,20.0,15.5,+524,460,-13.3,park +2%,105F (roof: half),RvL +12%,heat +4%,no,0
2026-08-20,Luis García Jr.,NYY,824802,Kyle Bradish,4,card,16.0,18.8,14.8,+524,460,-17.0,park +4% [low-conf],86F · wind out 8,LvR +8%,heat +3%,hr,1
2026-08-20,Trent Grisham,NYY,824802,Kyle Bradish,1,card,16.0,22.5,16.8,+524,460,-5.7,park +4% [low-conf],86F · wind out 8,LvR +8%,heat -7%,no,0
2026-08-20,JJ Wetherholt,STL,824474,Brady Singer,1,card,15.9,20.8,,+529,,,park +25%,80F,LvR +8%,heat -7%,no,0
2026-08-20,Max Muncy,ATH,824074,Randy Dobnak,5,card,15.9,20.8,,+528,,,park -4% [low-conf],84F · wind in 3,LvR +8%,heat -5%,no,0
2026-08-20,Jake Bauers,MIL,823747,George Kirby,3,card,15.8,20.7,,+531,,,park +9%,77F · wind in 4 (roof: half),LvR +8%,heat +5%,no,0
2026-08-20,Samuel Basallo,BAL,824802,Gerrit Cole,4,card,15.5,22.3,16.7,+547,480,-2.9,park +4% [low-conf],86F · wind out 8,LvR +8%,heat +4%,no,0
2026-08-20,Jackson Chourio,MIL,823747,George Kirby,2,card,15.4,19.8,,+550,,,park +9%,77F · wind in 4 (roof: half),RvR -3%,heat +1%,no,0
2026-08-21,Kyle Schwarber,PHI,823420,Hunter Dobbins,1,card,28.9,30.3,21.0,+246,210,-34.8,park +9%,80F · wind in 3,LvR +8%,heat -0%,no,0
2026-08-21,Jo Adell,CLE,824317,Tanner Gordon,1,proj,28.5,23.0,17.1,+251,215,-46.1,park +9%,99F · wind in 9,RvR -3%,heat +6%,no,0
2026-08-21,Shohei Ohtani,LAD,823911,Bubba Chandler,2,proj,26.0,26.5,19.0,+285,245,-34.5,park +5%,97F · wind out 6,LvR +8%,heat +5%,no,0
2026-08-21,Yordan Alvarez,HOU,824152,J.T. Ginn,2,card,25.3,29.8,20.8,+296,255,-26.2,park +3%,95F (roof: half),LvR +8%,heat -3%,no,0
2026-08-21,Max Muncy,ATH,824152,Hayden Wesneski,9,card,24.6,15.5,13.0,+307,265,-52.5,park +3%,95F (roof: half),LvR +8%,,no,0
2026-08-21,Byron Buxton,MIN,823262,TBD *,5,proj,23.9,21.1,16.1,+318,275,-39.7,park -4%,85F,,,no,0
2026-08-21,Junior Caminero,TBR,824800,Trevor Rogers,4,card,23.6,24.5,17.9,+324,280,-31.9,park +4% [low-conf],83F,RvL +12%,heat +18%,no,0
2026-08-21,Pete Crow-Armstrong,CHC,823101,Emerson Hancock,2,proj,22.1,23.7,17.5,+352,305,-29.3,park -4%,80F (roof: half),LvR +8%,heat +7%,hr,1
2026-08-21,Pete Alonso,BAL,824800,Freddy Peralta,2,card,21.9,26.0,18.7,+357,310,-23.2,park +4% [low-conf],83F,RvR -3%,heat -2%,hr,1
2026-08-21,Cal Raleigh,SEA,823101,Matthew Boyd,5,proj,21.4,15.3,12.8,+368,320,-46.3,park -4%,80F (roof: half),SvL +12%,,hr,1
2026-08-21,Miguel Vargas,CHW,824559,Sean Manaea,3,card,19.9,23.3,17.3,+402,350,-22.3,park +9%,77F,RvL +12%,heat +14%,hr,1
2026-08-21,Munetaka Murakami,CHW,824559,Sean Manaea,2,card,19.9,28.5,20.0,+402,350,-9.8,park +9%,77F,LvL -22%,heat +5%,no,0
2026-08-21,Ben Rice,NYY,823510,Mason Fluharty,4,card,19.1,22.0,16.6,+424,370,-22.1,park +14%,74F · wind in 5,LvL -22%,heat +6%,no,0
2026-08-21,Chase DeLauter,CLE,824317,Tanner Gordon,4,proj,19.1,17.1,13.9,+424,370,-34.6,park +9%,99F · wind in 9,LvR +8%,,no,0
2026-08-21,Corey Seager,TEX,822857,Reid Detmers,2,card,19.1,20.7,15.9,+424,370,-25.4,park +2%,101F · wind in 6 (roof: half),LvL -22%,heat +8%,no,0
2026-08-21,Tyler O'Neill,BAL,824800,Freddy Peralta,4,card,19.1,18.4,14.6,+424,370,-31.3,park +4% [low-conf],83F,RvR -3%,,no,0
2026-08-21,Randal Grichuk,CHW,824559,Sean Manaea,4,card,18.7,19.7,15.3,+435,380,-26.4,park +9%,77F,RvL +12%,heat -3%,hr,1
2026-08-21,Bryce Harper,PHI,823420,Hunter Dobbins,3,card,18.3,20.0,15.5,+446,390,-24.0,park +9%,80F · wind in 3,LvR +8%,heat +6%,no,0
2026-08-21,Esmerlyn Valdez,PIT,823911,Yoshinobu Yamamoto,9,proj,18.3,15.7,13.2,+446,390,-35.4,park +5%,97F · wind out 6,RvR -3%,,void,
2026-08-21,Francisco Lindor,NYM,824559,Sean Burke,7,proj,18.3,13.5,10.7,+446,390,-47.4,park +9%,77F,SvR +8%,,no,0
2026-08-21,Kody Clemens,MIN,823262,TBD *,4,proj,18.3,18.1,14.4,+446,390,-29.2,park -4%,85F,,,no,0
2026-08-21,Mickey Moniak,COL,824317,Joey Cantillo,7,card,18.3,15.9,13.2,+446,390,-35.1,park +9%,99F · wind in 9,LvL -22%,heat +5%,no,0
2026-08-21,Nathaniel Lowe,CLE,824317,Tanner Gordon,6,proj,18.3,17.6,14.2,+446,390,-30.3,park +9%,99F · wind in 9,LvR +8%,heat +4%,no,0
2026-08-21,Oneil Cruz,PIT,823911,Yoshinobu Yamamoto,7,proj,18.3,16.7,13.7,+446,390,-32.9,park +5%,97F · wind out 6,LvR +8%,heat +5%,hr,1
2026-08-21,Samuel Basallo,BAL,824800,Freddy Peralta,5,card,18.3,20.5,15.8,+446,390,-22.8,park +4% [low-conf],83F,LvR +8%,heat +1%,no,0
2026-08-21,Coby Mayo,BAL,824800,Freddy Peralta,7,card,17.9,16.8,13.8,+457,400,-31.2,park +4% [low-conf],83F,RvR -3%,heat -0%,no,0
2026-08-21,Francisco Alvarez,NYM,824559,Sean Burke,6,proj,17.9,15.3,12.8,+457,400,-36.2,park +9%,77F,RvR -3%,,no,0
2026-08-21,Griffin Conine,MIA,823830,Brad Lord,3,card,17.9,24.0,17.6,+457,400,-11.8,park -9%,87F (roof: half),LvR +8%,heat +2%,no,0
2026-08-21,Jac Caglianone,KCR,824072,Troy Melton,3,card,17.9,22.8,17.0,+457,400,-15.0,park -4% [low-conf],94F,LvR +8%,heat +3%,no,0
2026-08-21,Jake Burger,TEX,822857,Reid Detmers,6,card,17.9,16.0,13.3,+457,400,-33.4,park +2%,101F · wind in 6 (roof: half),RvL +12%,,no,0
2026-08-22,Shohei Ohtani,LAD,823910,Jared Jones,1,card,26.0,30.3,21.1,+285,245,-27.3,park +5%,94F · wind out 5,LvR +8%,heat +6%,no,0
2026-08-22,Mickey Moniak,COL,824316,Tanner Bibee,2,card,24.6,26.3,18.9,+307,265,-31.1,park +9%,93F · wind in 5,LvR +8%,heat +9%,hr,1
2026-08-22,Munetaka Murakami,CHW,824560,Christian Scott,2,card,24.2,27.6,19.6,+313,270,-27.6,park +9%,no wx,LvR +8%,heat +5%,no,0
2026-08-22,Byron Buxton,MIN,823261,Casey Mize,5,proj,23.6,20.3,15.6,+324,280,-40.6,park -4%,87F,RvR -3%,heat -1%,no,0
2026-08-22,Yordan Alvarez,HOU,824151,Jacob Lopez,2,card,23.6,28.1,19.8,+324,280,-24.6,park +3%,97F (roof: half),LvL -22%,heat +7%,no,0
2026-08-22,Kyle Schwarber,PHI,823422,Quinn Mathews,1,card,22.4,28.0,19.8,+346,300,-20.9,park +9%,75F,LvL -22%,heat +8%,hr,1
2026-08-22,Corey Seager,TEX,822858,Ryan Johnson,2,card,21.4,25.6,18.5,+368,320,-22.3,park +2%,107F · wind in 3 (roof: half),LvR +8%,heat +4%,no,0
2026-08-22,Francisco Lindor,NYM,824560,Luis Castillo,2,card,21.4,19.3,15.1,+368,320,-36.6,park +9%,no wx,SvR +8%,heat +2%,no,0
2026-08-22,Miguel Vargas,CHW,824560,Christian Scott,3,card,20.6,20.5,15.7,+385,335,-31.5,park +9%,no wx,RvR -3%,heat -3%,no,0
2026-08-22,Colson Montgomery,CHW,824560,Christian Scott,6,card,20.4,17.2,14.0,+391,340,-38.5,park +9%,no wx,LvR +8%,heat +6%,no,0
2026-08-22,Max Muncy,ATH,824151,Hunter Brown,9,card,20.4,14.5,11.8,+391,340,-48.1,park +3%,97F (roof: half),LvR +8%,,no,0
2026-08-22,Max Muncy,LAD,823910,Jared Jones,4,card,20.4,23.4,17.3,+391,340,-23.7,park +5%,94F · wind out 5,LvR +8%,heat +3%,no,0
2026-08-22,Jo Adell,CLE,824316,Gabriel Hughes,1,proj,19.9,20.6,15.8,+402,350,-29.0,park +9%,93F · wind in 5,RvR -3%,heat +7%,hr,1
2026-08-22,Junior Caminero,TBR,824798,Brandon Young,4,card,19.9,24.7,18.0,+402,350,-18.9,park +4% [low-conf],75F,RvR -3%,heat +5%,no,0
2026-08-22,Pete Crow-Armstrong,CHC,823100,Kade Anderson *,1,card,19.9,23.2,17.2,+402,350,-22.6,park -4%,67F · wind out 5 (roof: half),LvL -22%,,no,0
2026-08-22,Jordan Walker,STL,823422,Andrew Painter,4,card,19.5,20.3,15.7,+413,360,-27.9,park +9%,75F,RvR -3%,heat -4%,no,0
2026-08-22,Zach Neto,LAA,822858,Cody Bradford,1,proj,19.1,21.7,16.4,+424,370,-23.0,park +2%,107F · wind in 3 (roof: half),RvL +12%,,no,0
2026-08-22,Matt Olson,ATL,823743,Logan Henderson,3,card,19.0,26.5,,+427,,,park +9%,78F · wind out 9 (roof: half),LvR +8%,heat +5%,no,0
2026-08-22,Ben Rice,NYY,823509,Dylan Cease,2,card,18.8,26.1,,+432,,,park +14%,76F · wind in 7,LvR +8%,heat +4%,no,0
2026-08-22,Joc Pederson,TEX,822858,Ryan Johnson,1,card,18.7,28.6,20.1,+435,380,-3.3,park +2%,107F · wind in 3 (roof: half),LvR +8%,heat +2%,no,0
2026-08-22,Pete Alonso,BAL,824798,Shane McClanahan,2,card,18.7,25.4,18.4,+435,380,-11.6,park +4% [low-conf],75F,RvL +12%,heat +5%,no,0
2026-08-22,Cal Raleigh,SEA,823100,David Peterson,7,card,18.3,12.3,9.9,+446,390,-51.7,park -4%,67F · wind out 5 (roof: half),SvL +12%,,no,0
2026-08-22,Manny Machado,SDP,823261,Dean Kremer,2,proj,18.3,20.7,15.8,+446,390,-22.3,park -4%,87F,RvR -3%,heat -11%,no,0
2026-08-22,Wilyer Abreu,BOS,824718,Blade Tidwell,3,card,18.3,17.7,14.3,+446,390,-30.1,park -7%,71F · wind in 5,LvR +8%,,no,0
2026-08-22,Brandon Nimmo,TEX,822858,Ryan Johnson,4,card,17.9,15.5,13.0,+457,400,-34.9,park +2%,107F · wind in 3 (roof: half),LvR +8%,,no,0
2026-08-22,Fernando Tatis Jr.,SDP,823261,Dean Kremer,1,proj,17.9,17.4,14.1,+457,400,-29.6,park -4%,87F,RvR -3%,heat -13%,no,0
2026-08-22,Kody Clemens,MIN,823261,Casey Mize,4,proj,17.9,18.0,14.4,+457,400,-28.0,park -4%,87F,LvR +8%,heat +2%,no,0
2026-08-22,Mike Trout,LAA,822858,Cody Bradford,2,proj,17.9,22.4,16.8,+457,400,-16.1,park +2%,107F · wind in 3 (roof: half),RvL +12%,,no,0
2026-08-22,Royce Lewis,MIN,823261,Casey Mize,6,proj,17.9,12.4,9.9,+457,400,-50.6,park -4%,87F,RvR -3%,,no,0
2026-08-22,Seiya Suzuki,CHC,823100,Kade Anderson *,2,card,17.9,20.2,15.6,+457,400,-22.1,park -4%,67F · wind out 5 (roof: half),RvL +12%,,no,0
2026-08-23,Kyle Schwarber,PHI,823421,Kyle Leahy,1,card,22.1,29.5,20.6,+352,305,-16.6,park +9%,79F,LvR +8%,heat +6%,hr,1
2026-08-23,Munetaka Murakami,CHW,824558,Nolan McLean,2,card,20.9,27.8,19.7,+379,330,-15.2,park +9%,71F · wind out 3,LvR +8%,heat +4%,no,0
2026-08-23,Kazuma Okamoto,TOR,823507,Carlos Rodón *,5,card,19.1,20.5,15.8,+424,370,-25.9,park +14%,77F · wind out 8,RvL +12%,heat +2%,no,0
2026-08-23,Coby Mayo,BAL,824799,Nick Martinez,5,card,18.3,19.8,15.4,+446,390,-24.6,park +4% [low-conf],83F,RvR -3%,heat +8%,no,0
2026-08-23,Colson Montgomery,CHW,824558,Nolan McLean,6,card,18.3,17.3,14.0,+446,390,-31.2,park +9%,71F · wind out 3,LvR +8%,heat -1%,no,0
2026-08-23,Pete Alonso,BAL,824799,Nick Martinez,2,card,18.3,26.7,19.1,+446,390,-6.3,park +4% [low-conf],83F,RvR -3%,heat -2%,no,0
2026-08-23,Samuel Basallo,BAL,824799,Nick Martinez,4,card,17.2,23.2,17.2,+480,420,-10.6,park +4% [low-conf],83F,LvR +8%,heat +12%,no,0
2026-08-23,Shohei Ohtani,LAD,823909,Lake Bachar,1,card,24.6,30.6,21.2,+307,265,-22.6,park +5%,100F · wind out 4,LvR +8%,heat +1%,no,0
2026-08-23,Max Muncy,ATH,824150,Cristian Javier,6,card,20.4,18.9,14.9,+391,340,-34.6,park +3%,98F (roof: half),LvR +8%,,hr,1
2026-08-23,Max Muncy,LAD,823909,Lake Bachar,4,card,20.4,23.8,17.5,+391,340,-22.8,park +5%,100F · wind out 4,LvR +8%,,no,0
2026-08-23,Fernando Tatis Jr.,SDP,823258,Bailey Ober,1,card,19.9,18.1,14.5,+402,350,-34.8,park -4%,89F · wind in 4,RvR -3%,heat -3%,hr,2
2026-08-23,Ben Rice,NYY,823507,José Soriano,2,card,19.7,27.7,,+409,,,park +14%,79F · wind out 7,LvR +8%,heat -7%,no,0
2026-08-23,Kenny Piper,TBR,824799,Shane Baz,4,card,19.7,27.8,,+408,,,park +4% [low-conf],83F · wind out 5,RvR -3%,,void,
2026-08-23,Jo Adell,CLE,824315,Tomoyuki Sugano,3,card,19.1,21.0,16.0,+424,370,-24.7,park +9%,97F · wind in 6,RvR -3%,heat +7%,no,0
2026-08-23,Eduardo Valencia,DET,824071,Daniel Lynch IV,4,card,18.9,26.4,,+428,,,park -4% [low-conf],82F · wind in 3,RvL +12%,,no,0
2026-08-23,Junior Caminero,TBR,824799,Shane Baz,3,card,18.8,26.2,,+431,,,park +4% [low-conf],83F · wind out 5,RvR -3%,heat +0%,no,0
2026-08-23,Byron Buxton,MIN,823258,Walker Buehler,2,card,18.3,25.8,18.6,+446,390,-8.7,park -4%,89F · wind in 4,RvR -3%,heat +4%,no,0
2026-08-23,Cal Raleigh,SEA,823099,Shota Imanaga,4,card,18.3,18.9,14.9,+446,390,-27.1,park -4%,70F (roof: half),SvL +12%,heat -3%,no,0
2026-08-23,Manny Machado,SDP,823258,Bailey Ober,3,card,18.3,20.1,15.5,+446,390,-24.0,park -4%,89F · wind in 4,RvR -3%,heat -0%,no,0
2026-08-23,Justin Foscue,TEX,822856,Yusei Kikuchi,1,card,18.0,24.7,,+455,,,park +2%,108F (roof: half),RvL +12%,heat -1%,no,0
2026-08-23,Jackson Merrill,SDP,823258,Bailey Ober,5,card,17.9,16.6,13.7,+457,400,-31.6,park -4%,89F · wind in 4,LvR +8%,,hr,1
2026-08-23,Pete Crow-Armstrong,CHC,823099,Bryce Miller,1,card,17.9,26.2,18.8,+457,400,-6.0,park -4%,70F (roof: half),LvR +8%,heat +8%,hr,1
2026-08-23,Brett Callahan,DET,824071,Daniel Lynch IV,6,card,17.2,23.2,,+481,,,park -4% [low-conf],82F · wind in 3,LvL -22%,,no,0
2026-08-23,Matt Olson,ATL,823745,Shane Drohan,3,card,17.1,22.0,16.5,+485,425,-13.2,park avg [unknown],no wx,LvL -22%,heat -3%,no,0
2026-08-23,Abimelec Ortiz,WSN,823827,Janson Junk,2,card,16.7,22.3,,+498,,,park -9%,84F (roof: half),LvR +8%,,no,0
2026-08-23,Jordan Walker,STL,823421,Cristopher Sánchez *,3,card,16.6,22.2,,+501,,,park +9%,82F · wind out 4,RvL +12%,heat -3%,no,0
2026-08-23,Julio Rodríguez,SEA,823099,Shota Imanaga,3,card,16.6,20.0,15.5,+502,440,-16.5,park -4%,70F (roof: half),RvL +12%,heat +7%,no,0
2026-08-23,Corey Seager,TEX,822856,Yusei Kikuchi,2,card,16.3,21.4,,+515,,,park +2%,108F (roof: half),LvL -22%,heat +10%,no,0
2026-08-23,Heriberto Hernández,MIA,823827,Jackson Kent,3,card,16.2,21.3,,+518,,,park -9%,84F (roof: half),RvL +12%,,no,0
2026-08-23,Trent Grisham,NYY,823507,José Soriano,1,card,16.2,21.3,,+517,,,park +14%,79F · wind out 7,LvR +8%,heat -13%,hr,1
2026-08-23,Miguel Vargas,CHW,824558,Nolan McLean,3,card,16.1,21.1,,+522,,,park +9%,76F · wind out 5,RvR -3%,heat +1%,no,0
2026-08-23,Randy Arozarena,SEA,823099,Shota Imanaga,1,card,16.0,21.0,,+524,,,park -4%,70F (roof: half),RvL +12%,heat -1%,hr,1
2026-08-24,Byron Buxton,MIN,824964,Jeffrey Springs,5,proj,30.9,28.3,20.0,+223,190,-42.0,park +6% [low-conf],90F · wind out 4,RvL +12%,heat +3%,no,0
2026-08-24,Kyle Schwarber,PHI,823097,Logan Gilbert,2,proj,24.9,28.4,20.0,+301,260,-27.9,park -4%,74F (roof: half),LvR +8%,heat +4%,no,0
2026-08-24,Munetaka Murakami,CHW,824557,Kumar Rocker,2,card,23.6,28.2,19.9,+324,280,-24.4,park +9%,72F,LvR +8%,heat +3%,no,0
2026-08-24,Royce Lewis,MIN,824964,Jeffrey Springs,6,proj,23.0,17.9,14.3,+335,290,-44.1,park +6% [low-conf],90F · wind out 4,RvL +12%,heat +2%,no,0
2026-08-24,Pete Crow-Armstrong,CHC,825041,Merrill Kelly,2,proj,22.1,25.6,18.5,+352,305,-25.1,park +4%,105F (roof: half),LvR +8%,heat -2%,no,0
2026-08-24,Junior Caminero,TBR,824235,Framber Valdez,3,card,21.4,23.7,17.5,+368,320,-26.6,park -5%,76F · wind out 7,RvL +12%,heat +18%,no,0
2026-08-24,Max Muncy,ATH,824964,Zebby Matthews,1,proj,21.4,31.0,,+367,,,park +6% [low-conf],90F · wind out 4,LvR +8%,heat -0%,no,0
2026-08-24,Corey Seager,TEX,824557,José Urquidy,2,card,20.9,21.8,16.5,+379,330,-29.2,park +9%,72F,LvR +8%,heat +16%,no,0
2026-08-24,Esmerlyn Valdez,PIT,823260,Robbie Ray,9,proj,19.9,12.9,10.0,+402,350,-54.9,park -4%,89F,RvL +12%,heat +2%,hr,1
2026-08-24,Joc Pederson,TEX,824557,José Urquidy,1,card,19.9,25.0,18.2,+402,350,-18.1,park +9%,72F,LvR +8%,heat +15%,no,0
2026-08-24,Ryan Jeffers,MIN,824964,Jeffrey Springs,9,proj,19.9,14.5,11.8,+402,350,-46.8,park +6% [low-conf],90F · wind out 4,RvL +12%,heat +2%,no,0
2026-08-24,Zach Neto,LAA,823992,Parker Messick,1,proj,19.5,21.6,16.4,+413,360,-24.7,park +4%,95F · wind out 6,RvL +12%,heat +8%,no,0
2026-08-24,Josh Bell,MIN,824964,Jeffrey Springs,1,proj,19.1,24.3,17.8,+424,370,-16.4,park +6% [low-conf],90F · wind out 4,SvL +12%,heat -3%,no,0
2026-08-24,Kody Clemens,MIN,824964,Jeffrey Springs,4,proj,18.9,22.0,16.6,+430,375,-21.4,park +6% [low-conf],90F · wind out 4,LvL -22%,heat -7%,no,0
2026-08-24,CJ Abrams,WSN,822695,Ryan Feltner,1,card,18.3,26.6,19.0,+446,390,-6.7,park avg,83F,LvR +8%,heat +3%,no,0
2026-08-24,Cal Raleigh,SEA,823097,Zack Wheeler,5,proj,18.3,14.3,11.7,+446,390,-42.8,park -4%,74F (roof: half),SvR +8%,,hr,3
2026-08-24,Colson Montgomery,CHW,824557,Kumar Rocker,6,card,18.3,18.6,14.7,+446,390,-27.7,park +9%,72F,LvR +8%,heat -5%,no,0
2026-08-24,Mike Trout,LAA,823992,Parker Messick,2,proj,17.9,21.5,16.3,+457,400,-18.4,park +4%,95F · wind out 6,RvL +12%,heat +2%,no,0
2026-08-24,Oneil Cruz,PIT,823260,Robbie Ray,6,proj,17.9,15.4,12.9,+457,400,-35.6,park -4%,89F,LvL -22%,heat +1%,no,0
2026-08-24,Chase DeLauter,CLE,823992,George Klassen,4,proj,17.6,13.1,10.3,+469,410,-47.6,park +4%,95F · wind out 6,LvR +8%,heat +4%,void,
2026-08-24,Wyatt Langford,TEX,824557,José Urquidy,3,card,17.1,16.9,13.8,+485,425,-27.5,park +9%,72F,RvR -3%,heat +8%,hr,1
2026-08-24,Zack Gelof,ATH,824964,Zebby Matthews,6,proj,17.1,16.8,13.8,+485,425,-27.8,park +6% [low-conf],90F · wind out 4,RvR -3%,heat -6%,no,0
2026-08-24,Corbin Carroll,ARI,825041,Kevin Gausman,1,proj,16.9,20.5,15.8,+491,430,-16.4,park +4%,105F (roof: half),LvR +8%,heat -7%,void,
2026-08-24,Miguel Vargas,CHW,824557,Kumar Rocker,3,card,16.9,22.5,16.8,+491,430,-10.7,park +9%,72F,RvR -3%,heat -4%,no,0
2026-08-24,Fernando Tatis Jr.,SDP,823260,Braxton Ashcraft,1,proj,16.6,17.8,14.3,+502,440,-22.9,park -4%,89F,RvR -3%,heat +3%,no,0
2026-08-24,Bryce Harper,PHI,823097,Logan Gilbert,3,proj,16.3,19.9,15.4,+513,450,-15.2,park -4%,74F (roof: half),LvR +8%,heat +13%,no,0
2026-08-24,Brooks Lee,MIN,824964,Jeffrey Springs,2,proj,15.6,22.0,16.6,+541,475,-4.7,park +6% [low-conf],90F · wind out 4,SvL +12%,heat +5%,no,0
2026-08-24,Jackson Merrill,SDP,823260,Braxton Ashcraft,3,proj,15.6,17.9,14.3,+541,475,-17.6,park -4%,89F,LvR +8%,heat +4%,no,0
2026-08-24,Lawrence Butler,ATH,824964,Zebby Matthews,2,proj,15.6,17.9,14.3,+541,475,-17.5,park +6% [low-conf],90F · wind out 4,LvR +8%,heat -9%,no,0
2026-08-24,Manny Machado,SDP,823260,Braxton Ashcraft,2,proj,15.6,19.6,15.3,+541,475,-12.1,park -4%,89F,RvR -3%,heat +0%,no,0
2026-08-25,Yordan Alvarez,HOU,823505,Will Warren,2,card,28.9,30.0,20.9,+246,210,-35.2,park +14%,80F · wind out 6,LvR +8%,heat +2%,no,0
2026-08-25,Kyle Schwarber,PHI,823098,George Kirby,2,proj,27.6,28.1,19.9,+262,225,-35.4,park -4%,81F · wind out 3 (roof: half),LvR +8%,heat +8%,no,0
2026-08-25,Byron Buxton,MIN,824962,Gage Jump,2,card,26.0,30.0,20.9,+285,245,-27.9,park +6% [low-conf],91F,RvL +12%,heat +9%,no,0
2026-08-25,Shohei Ohtani,LAD,824881,Bryce Elder,1,card,25.6,29.6,20.7,+290,250,-27.6,park +4%,90F,LvR +8%,heat +2%,no,0
2026-08-25,Ben Rice,NYY,823505,Ethan Pecko *,2,card,23.6,28.5,20.1,+324,280,-23.8,park +14%,80F · wind out 6,LvR +8%,,no,0
2026-08-25,Royce Lewis,MIN,824962,Gage Jump,4,card,21.9,17.8,14.3,+357,310,-41.3,park +6% [low-conf],91F,RvL +12%,heat +7%,no,0
2026-08-25,Cal Raleigh,SEA,823098,Aaron Nola,5,proj,21.4,18.1,14.5,+368,320,-39.3,park -4%,81F · wind out 3 (roof: half),SvR +8%,heat -0%,hr,1
2026-08-25,Trent Grisham,NYY,823505,Ethan Pecko *,1,card,21.1,22.8,17.0,+374,325,-27.8,park +14%,80F · wind out 6,LvR +8%,,no,0
2026-08-25,Junior Caminero,TBR,824233,Jackson Jobe,3,card,20.9,23.6,17.4,+379,330,-25.1,park -5%,79F · wind in 4,RvR -3%,,no,0
2026-08-25,Pete Crow-Armstrong,CHC,825042,Brandon Pfaadt,2,proj,20.6,25.2,18.3,+385,335,-20.5,park +4%,112F (roof: half),LvR +8%,heat +1%,no,0
2026-08-25,Rafael Devers,SFG,823181,Brady Singer,1,proj,20.6,23.3,17.2,+385,335,-25.0,park -14%,70F · wind out 10,LvR +8%,heat -1%,hr,1
2026-08-25,Bobby Witt Jr.,KCR,822773,Max Scherzer,2,card,20.4,20.1,15.5,+391,340,-31.7,park +3% [low-conf],72F · wind out 3 (roof: half),RvR -3%,heat +5%,no,0
2026-08-25,Matt Olson,ATL,824881,Tyler Glasnow,3,card,20.4,26.5,19.0,+391,340,-16.4,park +4%,90F,LvR +8%,heat +12%,no,0
2026-08-25,Max Muncy,LAD,824881,Bryce Elder,4,card,20.4,23.4,17.3,+391,340,-23.7,park +4%,90F,LvR +8%,,no,0
2026-08-25,Max Muncy,ATH,824962,Taj Bradley,1,proj,20.4,29.5,20.6,+391,340,-9.4,park +6% [low-conf],91F,LvR +8%,heat +4%,void,
2026-08-25,Kazuma Okamoto,TOR,822773,Seth Lugo,4,card,19.9,20.4,15.7,+402,350,-29.3,park +3% [low-conf],72F · wind out 3 (roof: half),RvR -3%,heat +10%,no,0
2026-08-25,Carter Jensen,KCR,822773,Max Scherzer,1,card,19.5,21.7,16.4,+413,360,-24.6,park +3% [low-conf],72F · wind out 3 (roof: half),LvR +8%,heat +2%,no,0
2026-08-25,Munetaka Murakami,CHW,824556,Jacob deGrom,2,card,18.7,28.4,20.0,+435,380,-3.8,park +9%,78F · wind in 5,LvR +8%,heat +3%,no,0
2026-08-25,Colson Montgomery,CHW,824556,Jacob deGrom,5,card,18.3,20.4,15.7,+446,390,-23.2,park +9%,78F · wind in 5,LvR +8%,heat -1%,no,0
2026-08-25,Oneil Cruz,PIT,823259,Michael King,6,proj,18.3,16.5,13.6,+446,390,-33.3,park -4%,90F · wind in 5,LvR +8%,heat +7%,hr,1
2026-08-25,Ryan Jeffers,MIN,824962,Gage Jump,3,card,18.3,19.5,15.2,+446,390,-25.5,park +6% [low-conf],91F,RvL +12%,heat +4%,no,0
2026-08-25,Zack Gelof,ATH,824962,Taj Bradley,5,proj,18.3,17.0,13.9,+446,390,-32.1,park +6% [low-conf],91F,RvR -3%,heat -4%,no,0
2026-08-25,Dominic Canzone,SEA,823098,Aaron Nola,6,proj,17.9,17.1,13.9,+457,400,-30.5,park -4%,81F · wind out 3 (roof: half),LvR +8%,heat -6%,no,0
2026-08-25,Jackson Chourio,MIL,823585,Zac Thornton,1,card,17.9,21.2,16.1,+457,400,-19.4,park -4%,79F,RvL +12%,heat +17%,no,0
2026-08-25,Kody Clemens,MIN,824962,Gage Jump,5,card,17.9,18.0,14.4,+457,400,-28.0,park +6% [low-conf],91F,LvL -22%,heat +2%,no,0
2026-08-25,Luis García Jr.,NYY,823505,Ethan Pecko *,3,card,17.9,20.5,15.7,+457,400,-21.3,park +14%,80F · wind out 6,LvR +8%,,hr,1
2026-08-25,Miguel Vargas,CHW,824556,Jacob deGrom,3,card,17.9,22.6,16.9,+457,400,-15.5,park +9%,78F · wind in 5,RvR -3%,heat -15%,no,0
2026-08-25,Wilyer Abreu,BOS,823826,Tyler Phillips,3,card,17.9,17.1,13.9,+457,400,-30.3,park -9%,88F · wind in 3 (roof: half),LvR +8%,heat +4%,no,0
2026-08-25,Spencer Jones,NYY,823505,Ethan Pecko *,6,card,17.6,13.9,11.2,+469,410,-42.9,park +14%,80F · wind out 6,LvR +8%,,no,0
2026-08-25,Brandon Lowe,PIT,823259,Michael King,2,proj,17.1,21.9,16.5,+485,425,-13.4,park -4%,90F · wind in 5,LvR +8%,heat -4%,no,0
2026-08-26,Junior Caminero,TBR,824234,Troy Melton,1,proj,18.3,26.3,18.9,+446,390,-7.5,park -5%,71F · wind in 3,RvR -3%,heat -1%,no,0
2026-08-26,Kyle Schwarber,PHI,823096,Bryan Woo,1,card,26.8,29.4,20.6,+274,235,-31.1,park -4%,66F (roof: half),LvR +8%,heat +3%,hr,1
2026-08-26,Oneil Cruz,PIT,823255,Randy Vásquez *,5,card,20.9,18.6,14.7,+379,330,-36.6,park -4%,95F,LvR +8%,heat +8%,no,0
2026-08-26,Brandon Lowe,PIT,823255,Randy Vásquez *,2,card,20.4,22.3,16.7,+391,340,-26.3,park -4%,95F,LvR +8%,heat +14%,no,0
2026-08-26,Fernando Tatis Jr.,SDP,823255,Bubba Chandler,1,card,19.9,17.1,13.9,+402,350,-37.5,park -4%,95F,RvR -3%,heat +0%,no,0
2026-08-26,Cal Raleigh,SEA,823096,Jesús Luzardo,4,card,18.3,16.8,13.7,+446,390,-32.7,park -4%,66F (roof: half),SvL +12%,,no,0
2026-08-26,Miguel Vargas,CHW,824555,MacKenzie Gore,1,card,22.1,26.0,18.7,+352,305,-24.2,park +9%,74F · wind in 4,RvL +12%,heat +8%,no,0
2026-08-26,Kody Clemens,MIN,824963,J.T. Ginn,5,card,21.9,20.5,15.7,+357,310,-35.5,park +6% [low-conf],96F,LvR +8%,heat -6%,no,0
2026-08-26,Yordan Alvarez,HOU,823506,Elmer Rodríguez *,2,card,21.4,28.8,20.2,+368,320,-15.1,park +14%,76F,LvR +8%,heat +6%,no,0
2026-08-26,Corey Seager,TEX,824555,Sean Burke,2,card,21.1,21.8,16.5,+374,325,-30.0,park +9%,74F · wind in 4,LvR +8%,heat +8%,no,0
2026-08-26,Munetaka Murakami,CHW,824555,MacKenzie Gore,2,card,20.9,25.3,18.4,+379,330,-21.0,park +9%,74F · wind in 4,LvL -22%,heat +7%,no,0
2026-08-26,Shohei Ohtani,LAD,824878,AJ Smith-Shawver,1,card,20.6,25.5,18.4,+385,335,-19.8,park +4%,83F · wind in 5,LvR +8%,,no,0
2026-08-26,Luis García Jr.,NYY,823506,Peter Lambert,3,card,20.4,19.5,15.2,+391,340,-33.0,park +14%,76F,LvR +8%,heat +0%,hr,1
2026-08-26,Randal Grichuk,CHW,824555,MacKenzie Gore,3,card,19.9,22.8,17.0,+402,350,-23.6,park +9%,74F · wind in 4,RvL +12%,heat -4%,no,0
2026-08-26,Royce Lewis,MIN,824963,J.T. Ginn,6,card,19.9,15.4,12.9,+402,350,-41.9,park +6% [low-conf],96F,RvR -3%,,no,0
2026-08-26,Ben Rice,NYY,823506,Peter Lambert,2,card,19.1,26.7,,+423,,,park +14%,76F,LvR +8%,heat +3%,hr,1
2026-08-26,Matt Olson,ATL,824878,Roki Sasaki,3,card,19.1,26.6,,+425,,,park +4%,83F · wind in 5,LvR +8%,heat -8%,hr,1
2026-08-26,Pete Alonso,BAL,823015,Michael McGreevy,2,card,19.1,24.2,17.8,+424,370,-16.5,park -7%,90F,RvR -3%,heat +2%,hr,1
2026-08-26,Wyatt Langford,TEX,824555,Sean Burke,3,card,18.9,17.5,14.1,+430,375,-32.9,park +9%,74F · wind in 4,RvR -3%,heat +0%,no,0
2026-08-26,Brandon Nimmo,TEX,824555,Sean Burke,4,card,18.3,13.3,10.5,+446,390,-48.5,park +9%,74F · wind in 4,LvR +8%,,no,0
2026-08-26,Pete Crow-Armstrong,CHC,825039,Eduardo Rodriguez *,1,card,18.0,24.7,,+456,,,park +4%,114F (roof: half),LvL -22%,heat +7%,no,0
2026-08-26,Josh Bell,MIN,824963,J.T. Ginn,3,card,17.6,19.3,15.1,+469,410,-22.9,park +6% [low-conf],96F,SvR +8%,heat -5%,no,0
2026-08-26,Trent Grisham,NYY,823506,Peter Lambert,1,card,17.1,21.1,16.1,+485,425,-15.6,park +14%,76F,LvR +8%,heat -10%,no,0
2026-08-26,Zack Gelof,ATH,824963,Connor Prielipp,2,card,17.1,22.0,16.5,+485,425,-13.1,park +6% [low-conf],96F,RvL +12%,heat +0%,no,0
2026-08-26,Joc Pederson,TEX,824555,Sean Burke,1,card,16.3,25.3,18.3,+513,450,0.8,park +9%,74F · wind in 4,LvR +8%,heat +5%,hr,1
2026-08-26,Mike Trout,LAA,823988,Joey Cantillo,2,card,16.3,21.5,,+513,,,park +4%,95F · wind out 5,RvL +12%,heat +11%,no,0
2026-08-26,Zach Neto,LAA,823988,Joey Cantillo,1,card,16.2,21.4,,+515,,,park +4%,95F · wind out 5,RvL +12%,heat +10%,no,0
2026-08-26,Rafael Devers,SFG,823180,Nick Lodolo,2,card,16.1,21.2,,+521,,,park -14%,73F · wind out 14,LvL -22%,heat -6%,hr,1
2026-08-26,Seiya Suzuki,CHC,825039,Eduardo Rodriguez *,2,card,15.9,20.8,,+527,,,park +4%,114F (roof: half),RvL +12%,heat -8%,no,0
2026-08-26,Samuel Basallo,BAL,823015,Michael McGreevy,4,card,15.6,19.1,15.0,+541,475,-13.8,park -7%,90F,LvR +8%,heat +2%,no,0
2026-08-26,Austin Riley,ATL,824878,Roki Sasaki,8,card,14.9,10.8,9.4,+569,500,-43.8,park +4%,83F · wind in 5,RvR -3%,,no,0
2026-08-26,Brooks Lee,MIN,824963,J.T. Ginn,2,card,14.9,20.0,15.5,+569,500,-7.0,park +6% [low-conf],96F,SvR +8%,heat -8%,hr,1
2026-08-26,Christian Encarnacion-Strand,BAL,823015,Michael McGreevy,5,card,14.9,18.4,14.6,+569,500,-12.2,park -7%,90F,RvR -3%,heat -3%,no,0
2026-08-27,CJ Abrams,WSN,822694,Gabriel Hughes,1,card,18.0,24.7,,+454,,,park avg,87F · wind out 6,LvR +8%,heat +2%,no,0
2026-08-27,Hunter Goodman,COL,822694,Jake Irvin,7,card,18.0,24.7,,+454,,,park avg,87F · wind out 6,RvR -3%,heat -1%,no,0
2026-08-27,Pete Alonso,BAL,823014,Gordon Graceffo,2,card,16.8,22.5,,+495,,,park -7%,84F,RvR -3%,heat -5%,no,0
2026-08-27,Andrés Chaparro,WSN,822694,Gabriel Hughes,3,card,15.1,19.2,,+564,,,park avg,87F · wind out 6,RvR -3%,heat +8%,no,0
2026-08-27,Jordan Walker,STL,823014,Trevor Rogers,3,card,15.0,19.1,,+566,,,park -7%,84F,RvL +12%,heat +8%,no,0
2026-08-27,Willi Castro,COL,822694,Jake Irvin,3,card,14.5,18.1,,+592,,,park avg,87F · wind out 6,SvR +8%,heat +4%,no,0
2026-08-27,Jake McCarthy,COL,822694,Jake Irvin,1,card,14.4,17.9,,+596,,,park avg,87F · wind out 6,LvR +8%,heat +14%,no,0
2026-08-27,Matt Olson,ATL,824879,Yoshinobu Yamamoto,3,card,17.6,25.3,18.3,+469,410,-6.5,park +4%,84F,LvR +8%,heat -1%,no,0
2026-08-27,Shohei Ohtani,LAD,824879,Chris Sale,1,card,17.1,23.2,17.2,+485,425,-9.6,park +4%,84F,LvL -22%,heat +9%,no,0
2026-08-27,Yordan Alvarez,HOU,823503,Gerrit Cole,2,card,26.4,28.9,20.3,+279,240,-31.0,park +14%,74F · wind out 4,LvR +8%,heat +8%,no,0
2026-08-27,Ben Rice,NYY,823503,Hayden Wesneski,2,card,23.6,28.7,20.2,+324,280,-23.3,park +14%,74F · wind out 4,LvR +8%,heat +1%,no,0
2026-08-27,Trent Grisham,NYY,823503,Hayden Wesneski,1,card,21.4,22.3,16.7,+368,320,-29.7,park +14%,74F · wind out 4,LvR +8%,heat -7%,no,0
2026-08-27,Luis García Jr.,NYY,823503,Hayden Wesneski,3,card,20.4,20.7,15.9,+391,340,-30.2,park +14%,74F · wind out 4,LvR +8%,heat +7%,no,0
2026-08-27,Bobby Witt Jr.,KCR,822771,Spencer Arrighetti,2,card,18.3,17.6,14.2,+446,390,-30.4,park +3% [low-conf],74F · wind in 4 (roof: half),RvR -3%,heat -3%,no,0
2026-08-27,Jackson Chourio,MIL,823581,Sean Manaea,1,card,18.3,22.0,16.6,+446,390,-18.7,park -4%,73F · wind out 7,RvL +12%,heat +15%,hr,2
2026-08-27,Jazz Chisholm Jr.,NYY,823503,Hayden Wesneski,7,card,18.3,13.2,10.3,+446,390,-49.4,park +14%,74F · wind out 4,LvR +8%,heat -1%,no,0
2026-08-27,Spencer Jones,NYY,823503,Hayden Wesneski,6,card,18.3,13.8,11.0,+446,390,-46.0,park +14%,74F · wind out 4,LvR +8%,heat -2%,no,0
2026-08-27,Gary Sánchez,MIL,823581,Sean Manaea,5,card,17.9,16.5,13.6,+457,400,-32.0,park -4%,73F · wind out 7,RvL +12%,heat +9%,no,0
2026-08-27,Jac Caglianone,KCR,822771,Spencer Arrighetti,3,card,17.9,21.0,16.0,+457,400,-19.9,park +3% [low-conf],74F · wind in 4 (roof: half),LvR +8%,heat -3%,hr,1
2026-08-27,Kazuma Okamoto,TOR,822771,Noah Cameron,5,card,17.6,18.5,14.7,+469,410,-25.3,park +3% [low-conf],74F · wind in 4 (roof: half),RvL +12%,heat +1%,no,0
2026-08-27,Rafael Devers,SFG,823179,Jose Cabrera,2,card,17.2,22.1,16.6,+480,420,-13.6,park -14%,73F · wind out 14,LvR +8%,,no,0
2026-08-27,Cody Bellinger,NYY,823503,Hayden Wesneski,4,card,17.1,13.9,11.2,+485,425,-41.3,park +14%,74F · wind out 4,LvR +8%,heat -1%,no,0
2026-08-27,William Contreras,MIL,823581,Sean Manaea,3,card,17.1,13.5,10.7,+485,425,-43.8,park -4%,73F · wind out 7,RvL +12%,heat +11%,no,0
2026-08-27,Carter Jensen,KCR,822771,Spencer Arrighetti,1,card,16.6,19.2,15.0,+502,440,-18.8,park +3% [low-conf],74F · wind in 4 (roof: half),LvR +8%,heat -9%,hr,1
2026-08-27,Christian Walker,HOU,823503,Gerrit Cole,6,card,16.6,15.6,13.1,+502,440,-29.5,park +14%,74F · wind out 4,RvR -3%,heat +11%,hr,1
2026-08-27,Daulton Varsho,HOU,823503,Gerrit Cole,5,card,15.6,10.6,9.3,+541,475,-46.6,park +14%,74F · wind out 4,LvR +8%,,no,0
2026-08-27,Andrew Vaughn,MIL,823581,Sean Manaea,4,card,14.9,11.0,9.4,+569,500,-43.4,park -4%,73F · wind out 7,RvL +12%,,no,0
2026-08-27,Francisco Lindor,NYM,823581,Jacob Misiorowski,2,card,14.9,17.8,14.3,+569,500,-14.1,park -4%,73F · wind out 7,SvR +8%,heat +9%,no,0
2026-08-27,Salvador Perez,KCR,822771,Spencer Arrighetti,5,card,14.9,14.5,11.9,+569,500,-28.6,park +3% [low-conf],74F · wind in 4 (roof: half),RvR -3%,heat +5%,no,0
2026-08-27,Austin Wells,NYY,823503,Hayden Wesneski,8,card,14.3,9.9,8.7,+597,525,-45.8,park +14%,74F · wind out 4,LvR +8%,,no,0
2026-08-27,Corbin Carroll,ARI,823179,Landen Roupp,2,card,14.3,15.8,13.2,+597,525,-17.4,park -14%,73F · wind out 14,LvR +8%,heat -7%,void,
2026-08-27,Vinnie Pasquantino,KCR,822771,Spencer Arrighetti,4,card,14.3,12.7,10.0,+597,525,-37.7,park +3% [low-conf],74F · wind in 4 (roof: half),LvR +8%,heat -4%,hr,1
2026-08-28,Pete Crow-Armstrong,CHC,824638,Rhett Lowder,1,card,18.6,25.7,,+439,,,park avg,77F · wind in 5,LvR +8%,heat +6%,no,0
2026-08-28,Matt Olson,ATL,824877,Tomoyuki Sugano,3,card,27.6,28.1,19.9,+262,225,-35.4,park +4%,82F · wind in 8,LvR +8%,heat -4%,no,0
2026-08-28,Junior Caminero,TBR,822935,Casey Mize,3,card,23.6,23.5,17.4,+324,280,-34.0,park -4% [low-conf],dome,RvR -3%,heat -1%,no,0
2026-08-28,Yordan Alvarez,HOU,823583,Christian Scott,2,card,23.6,25.2,18.3,+324,280,-30.6,park -4%,76F · wind in 5,LvR +8%,heat +3%,no,0
2026-08-28,Hunter Goodman,COL,824877,Grant Holmes,3,card,23.0,26.7,19.1,+335,290,-25.4,park +4%,82F · wind in 8,RvR -3%,heat +4%,no,0
2026-08-28,Drake Baldwin,ATL,824877,Tomoyuki Sugano,1,card,21.4,25.6,18.5,+368,320,-22.3,park +4%,82F · wind in 8,LvR +8%,heat +1%,no,0
2026-08-28,Corey Seager,TEX,823744,Logan Henderson,2,card,20.6,20.8,15.9,+385,335,-30.7,park +9%,78F · wind in 5 (roof: half),LvR +8%,heat +9%,no,0
2026-08-28,Jake Bauers,MIL,823744,Cody Bradford,3,card,20.4,19.8,15.4,+391,340,-32.5,park +9%,78F · wind in 5 (roof: half),LvL -22%,heat +6%,no,0
2026-08-28,Joc Pederson,TEX,823744,Logan Henderson,1,card,20.4,25.2,18.3,+391,340,-19.5,park +9%,78F · wind in 5 (roof: half),LvR +8%,heat +11%,no,0
2026-08-28,Ronald Acuña Jr.,ATL,824877,Tomoyuki Sugano,4,card,19.9,17.4,14.1,+402,350,-36.6,park +4%,82F · wind in 8,RvR -3%,heat +18%,no,0
2026-08-28,Jac Caglianone,KCR,824396,Tanner Bibee,3,card,19.5,20.6,15.8,+413,360,-27.3,park -3%,73F · wind in 4,LvR +8%,heat +13%,no,0
2026-08-28,Jackson Chourio,MIL,823744,Cody Bradford,2,card,19.1,22.0,16.6,+424,370,-22.2,park +9%,78F · wind in 5 (roof: half),RvL +12%,heat +8%,no,0
2026-08-28,Andrés Chaparro,WSN,822691,Eury Pérez *,8,card,18.3,12.0,9.8,+446,390,-52.2,park avg,80F,RvR -3%,,no,0
2026-08-28,Bobby Witt Jr.,KCR,824396,Tanner Bibee,2,card,18.3,16.6,13.7,+446,390,-33.0,park -3%,73F · wind in 4,RvR -3%,heat +5%,no,0
2026-08-28,Michael Harris II,ATL,824877,Tomoyuki Sugano,5,card,18.3,17.9,14.4,+446,390,-29.6,park +4%,82F · wind in 8,LvR +8%,heat -7%,hr,1
2026-08-28,Shohei Ohtani,LAD,824231,Drew Anderson,1,card,18.3,26.6,19.0,+446,390,-6.8,park -5%,74F,LvR +8%,heat +7%,no,0
2026-08-28,Ben Rice,NYY,823504,Patrick Sandoval,2,card,17.9,24.8,18.1,+457,400,-9.7,park +14%,no wx,LvL -22%,heat +7%,no,0
2026-08-28,Fernando Tatis Jr.,SDP,822935,Shane McClanahan,1,card,17.9,18.4,14.6,+457,400,-26.9,park -4% [low-conf],dome,RvL +12%,heat +10%,no,0
2026-08-28,Wilyer Abreu,BOS,823504,Cam Schlittler,3,card,17.9,18.3,14.6,+457,400,-27.1,park +14%,no wx,LvR +8%,heat +8%,no,0
2026-08-28,Jo Adell,CLE,824396,Michael Wacha,4,card,17.6,15.9,13.3,+469,410,-32.3,park -3%,73F · wind in 4,RvR -3%,,no,0
2026-08-28,Pete Alonso,BAL,824960,Jacob Lopez,2,card,27.6,28.8,20.2,+262,225,-34.3,park +6% [low-conf],78F · wind out 4,RvL +12%,heat +9%,no,0
2026-08-28,Kyle Schwarber,PHI,823985,Reid Detmers,1,card,25.3,30.8,21.3,+296,255,-24.4,park +4%,98F · wind out 6,LvL -22%,heat +12%,no,0
2026-08-28,Munetaka Murakami,CHW,823666,Dean Kremer,2,card,23.3,26.7,19.1,+329,285,-26.5,park -2%,81F,LvR +8%,heat -3%,no,0
2026-08-28,Christian Encarnacion-Strand,BAL,824960,Jacob Lopez,5,card,22.7,21.6,16.4,+340,295,-35.3,park +6% [low-conf],78F · wind out 4,RvL +12%,heat +2%,no,0
2026-08-28,Coby Mayo,BAL,824960,Jacob Lopez,4,card,20.4,22.1,16.6,+391,340,-27.0,park +6% [low-conf],78F · wind out 4,RvL +12%,heat +5%,no,0
2026-08-28,Colson Montgomery,CHW,823666,Dean Kremer,6,card,19.9,17.8,14.3,+402,350,-35.7,park -2%,81F,LvR +8%,heat -5%,hr,1
2026-08-28,Kody Clemens,MIN,823666,Luis Castillo,4,card,19.9,19.0,14.9,+402,350,-32.8,park -2%,81F,LvR +8%,heat +3%,hr,1
2026-08-28,Mike Trout,LAA,823985,Andrew Painter,2,card,19.5,22.3,16.7,+413,360,-23.1,park +4%,98F · wind out 6,RvR -3%,heat -8%,no,0
2026-08-28,Corbin Carroll,ARI,823178,Blade Tidwell,2,card,17.9,16.1,13.4,+457,400,-33.1,park -14%,65F · wind out 10,LvR +8%,heat +2%,void,
2026-08-28,Miguel Vargas,CHW,823666,Dean Kremer,3,card,17.9,21.3,16.2,+457,400,-18.9,park -2%,81F,RvR -3%,heat -9%,no,0
2026-08-29,Shohei Ohtani,LAD,824230,Keider Montero,1,card,22.1,26.7,19.1,+352,305,-22.6,park -5%,81F · wind in 4,LvR +8%,heat +7%,no,0
2026-08-29,Max Muncy,LAD,824230,Keider Montero,4,card,18.3,21.4,16.2,+446,390,-20.5,park -5%,81F · wind in 4,LvR +8%,,no,0
2026-08-29,Max Muncy,ATH,824961,Shane Baz,1,proj,18.3,26.4,18.9,+446,390,-7.2,park +6% [low-conf],72F,LvR +8%,heat +5%,void,
2026-08-29,Pete Crow-Armstrong,CHC,824637,Andrew Abbott,1,card,18.1,24.8,,+453,,,park avg,82F · wind out 8,LvL -22%,heat +9%,hr,3
2026-08-29,Jo Adell,CLE,824392,Daniel Lynch IV,4,card,17.2,16.9,13.8,+480,420,-28.1,park -3%,82F,RvL +12%,,no,0
2026-08-29,José Ramírez,CLE,824392,Daniel Lynch IV,3,card,17.2,13.0,10.2,+480,420,-47.1,park -3%,82F,SvL +12%,,no,0
2026-08-29,Wilyer Abreu,BOS,823539,Carlos Rodón *,1,proj,17.1,20.8,15.9,+485,425,-16.5,park +14%,79F,LvL -22%,,hr,1
2026-08-29,Bobby Witt Jr.,KCR,824392,Foster Griffin,2,card,16.9,17.9,14.3,+491,430,-24.0,park -3%,82F,RvL +12%,heat +9%,no,0
2026-08-29,Cal Raleigh,SEA,822770,José Soriano,5,card,16.9,17.3,14.0,+491,430,-25.8,park +3% [low-conf],77F · wind out 6 (roof: half),SvR +8%,,hr,1
2026-08-29,Kyle Schwarber,PHI,823986,Ryan Johnson,2,proj,29.4,33.6,22.8,+240,205,-30.4,park +4%,91F · wind out 6,LvR +8%,heat +2%,no,0
2026-08-29,Pete Alonso,BAL,824961,Jack Perkins,2,card,25.6,28.1,19.9,+290,250,-30.4,park +6% [low-conf],88F · wind out 4,RvR -3%,heat +2%,no,0
2026-08-29,Coby Mayo,BAL,824961,Jack Perkins,7,card,21.4,17.3,14.0,+368,320,-41.2,park +6% [low-conf],88F · wind out 4,RvR -3%,heat -2%,no,0
2026-08-29,Christian Encarnacion-Strand,BAL,824961,Jack Perkins,4,card,20.9,22.4,16.8,+379,330,-27.9,park +6% [low-conf],88F · wind out 4,RvR -3%,heat -4%,no,0
2026-08-29,Gunnar Henderson,BAL,824961,Jack Perkins,3,card,19.9,18.3,14.6,+402,350,-34.4,park +6% [low-conf],88F · wind out 4,LvR +8%,heat -1%,no,0
2026-08-29,Bryce Harper,PHI,823986,Ryan Johnson,3,proj,19.5,24.0,17.6,+413,360,-18.8,park +4%,91F · wind out 6,LvR +8%,heat +9%,no,0
2026-08-29,Munetaka Murakami,CHW,823665,Bailey Ober,2,card,19.5,27.5,,+413,,,park -2%,80F,LvR +8%,heat +9%,no,0
2026-08-29,Samuel Basallo,BAL,824961,Jack Perkins,5,card,19.1,20.3,15.7,+424,370,-26.3,park +6% [low-conf],88F · wind out 4,LvR +8%,heat +2%,no,0
2026-08-29,Yordan Alvarez,HOU,823582,Nolan McLean,2,card,18.8,26.1,,+433,,,park -4%,77F · wind out 4,LvR +8%,heat +2%,hr,1
2026-08-29,Ben Rice,NYY,823539,Jake Bennett,2,card,17.9,25.1,18.3,+457,400,-8.7,park +14%,78F · wind out 4,LvL -22%,heat +11%,no,0
2026-08-29,Ben Rice,NYY,823501,Alec Gamboa,2,card,17.9,25.6,18.5,+457,400,-7.6,park +14%,78F · wind out 4,LvL -22%,heat +17%,no,0
2026-08-29,Willson Contreras,BOS,823539,Carlos Rodón *,4,card,17.9,21.3,16.2,+457,400,-19.0,park +14%,78F · wind out 4,RvL +12%,heat +2%,no,0
2026-08-29,Willson Contreras,BOS,823501,Max Fried,4,card,17.9,19.2,15.0,+457,400,-24.8,park +14%,78F · wind out 4,RvL +12%,heat -1%,no,0
2026-08-29,Jake Bauers,MIL,823741,Cal Quantrill,3,card,17.6,22.0,16.6,+469,410,-15.4,park +9%,74F · wind in 3 (roof: half),LvR +8%,heat -1%,no,0
2026-08-29,Junior Caminero,TBR,822936,Walker Buehler,3,card,17.5,23.8,,+470,,,park -4% [low-conf],dome,RvR -3%,heat -2%,hr,1
2026-08-29,Heriberto Hernández,MIA,822690,Cade Cavalli,2,card,17.1,22.9,,+486,,,park avg,82F,RvR -3%,heat -2%,hr,1
2026-08-29,Luis García Jr.,NYY,823539,Jake Bennett,4,card,17.1,16.7,13.7,+485,425,-27.9,park +14%,78F · wind out 4,LvL -22%,,no,0
2026-08-29,Luis García Jr.,NYY,823501,Alec Gamboa,4,card,17.1,17.1,13.9,+485,425,-26.8,park +14%,78F · wind out 4,LvL -22%,heat +16%,no,0
2026-08-29,Zack Gelof,ATH,824961,Shane Baz,3,card,17.1,18.5,14.7,+485,425,-22.9,park +6% [low-conf],88F · wind out 4,RvR -3%,heat -5%,no,0
2026-08-29,Heliot Ramos,NYY,823539,Jake Bennett,3,card,16.9,14.7,12.1,+491,430,-35.7,park +14%,78F · wind out 4,RvL +12%,,no,0
2026-08-29,Heliot Ramos,NYY,823501,Alec Gamboa,3,card,16.9,15.0,12.4,+491,430,-34.2,park +14%,78F · wind out 4,RvL +12%,,no,0
2026-08-29,Jackson Chourio,MIL,823741,Cal Quantrill,2,card,16.9,21.9,16.5,+491,430,-12.5,park +9%,74F · wind in 3 (roof: half),RvR -3%,heat +7%,hr,1
2026-08-29,Juan Soto,NYM,823582,Bennett Sousa,2,card,16.8,22.4,,+496,,,park -4%,77F · wind out 4,LvL -22%,heat +5%,no,0
2026-08-29,Jake Burger,TEX,823741,Shane Drohan,6,card,16.6,15.2,12.7,+502,440,-31.4,park +9%,74F · wind in 3 (roof: half),RvL +12%,,no,0
2026-08-29,Miguel Vargas,CHW,823665,Bailey Ober,3,card,16.5,21.9,,+506,,,park -2%,80F,RvR -3%,heat -1%,no,0
2026-08-29,Dominic Canzone,SEA,822770,José Soriano,2,card,16.4,21.7,,+509,,,park +3% [low-conf],72F · wind out 3 (roof: half),LvR +8%,heat -5%,no,0
2026-08-29,Corey Seager,TEX,823741,Shane Drohan,2,card,16.3,18.1,14.4,+513,450,-20.6,park +9%,74F · wind in 3 (roof: half),LvL -22%,heat +2%,no,0
2026-08-29,Kyle Stowers,MIA,822690,Cade Cavalli,1,card,16.3,21.5,,+514,,,park avg,82F,LvR +8%,heat +6%,no,0
2026-08-29,Sal Stewart,CIN,824637,Kevin Gausman,3,card,16.2,21.4,,+516,,,park avg,76F · wind out 3,RvR -3%,heat -3%,hr,1
2026-08-30,Hunter Goodman,COL,824876,Tyler Mahle,3,card,18.6,25.9,,+436,,,park +4%,88F · wind in 3,RvR -3%,heat -6%,no,0
2026-08-30,Juan Soto,NYM,823580,Ethan Pecko *,2,card,18.4,25.5,,+442,,,park -4%,81F · wind out 9,LvR +8%,,hr,1
2026-08-30,Dominic Canzone,SEA,822766,Max Scherzer,2,card,18.2,24.9,,+451,,,park +3% [low-conf],69F · wind out 4 (roof: half),LvR +8%,heat +5%,no,0
2026-08-30,Heriberto Hernández,MIA,822688,Andrew Alvarez,1,card,18.1,24.9,,+452,,,park avg,88F · wind out 4,RvL +12%,heat +2%,no,0
2026-08-30,Junior Caminero,TBR,822933,Robbie Ray,3,card,18.0,24.7,,+455,,,park -4% [low-conf],dome,RvL +12%,heat +17%,hr,1
2026-08-30,CJ Abrams,WSN,822688,Janson Junk,1,card,17.1,23.0,,+484,,,park avg,88F · wind out 4,LvR +8%,heat +6%,no,0
2026-08-30,Cal Raleigh,SEA,822766,Max Scherzer,4,card,16.5,21.9,,+506,,,park +3% [low-conf],69F · wind out 4 (roof: half),SvR +8%,heat +2%,no,0
2026-08-30,Yordan Alvarez,HOU,823580,Zac Thornton,2,card,16.0,26.2,18.8,+524,460,5.5,park -4%,81F · wind out 9,LvL -22%,,no,0
2026-08-30,Randy Arozarena,SEA,822766,Max Scherzer,1,card,15.9,20.8,,+529,,,park +3% [low-conf],69F · wind out 4 (roof: half),RvR -3%,heat +3%,no,0
2026-08-30,Francisco Lindor,NYM,823580,Ethan Pecko *,1,card,15.7,20.4,,+537,,,park -4%,81F · wind out 9,SvR +8%,,hr,1
2026-08-30,Pete Crow-Armstrong,CHC,824636,Chase Burns,1,card,23.3,26.8,19.2,+329,285,-26.2,park avg,75F · wind out 8,LvR +8%,heat -2%,hr,2
2026-08-30,Sal Stewart,CIN,824636,Shota Imanaga,3,card,23.3,26.1,18.8,+329,285,-27.6,park avg,75F · wind out 8,RvL +12%,heat -1%,hr,1
2026-08-30,Elly De La Cruz,CIN,824636,Shota Imanaga,2,card,23.0,24.1,17.7,+335,290,-30.9,park avg,75F · wind out 8,SvL +12%,heat +11%,no,0
2026-08-30,Eugenio Suárez,CIN,824636,Shota Imanaga,5,card,21.9,20.4,15.7,+357,310,-35.7,park avg,75F · wind out 8,RvL +12%,heat -1%,no,0
2026-08-30,Seiya Suzuki,CHC,824636,Chase Burns,2,card,19.9,19.9,15.4,+402,350,-30.6,park avg,75F · wind out 8,RvR -3%,heat -5%,no,0
2026-08-30,JJ Bleday,CIN,824636,Shota Imanaga,6,card,19.1,16.6,13.7,+424,370,-35.7,park avg,75F · wind out 8,LvL -22%,heat -7%,no,0
2026-08-30,Munetaka Murakami,CHW,823662,Zebby Matthews,2,card,18.9,26.4,,+429,,,park -2%,85F · wind in 5,LvR +8%,heat +6%,no,0
2026-08-30,Tyler Stephenson,CIN,824636,Shota Imanaga,4,card,18.7,18.7,14.8,+435,380,-29.1,park avg,75F · wind out 8,RvL +12%,heat -1%,hr,1
2026-08-30,Matt Olson,ATL,824876,Mason Adams *,3,card,18.6,25.8,,+438,,,park +4%,88F · wind in 4,LvR +8%,,no,0
2026-08-30,Michael Busch,CHC,824636,Chase Burns,3,card,18.3,14.8,12.2,+446,390,-40.1,park avg,75F · wind out 8,LvR +8%,,no,0
2026-08-30,Joc Pederson,TEX,823740,Dustin May,1,card,18.0,24.7,,+456,,,park +9%,79F · wind out 3 (roof: half),LvR +8%,heat +1%,hr,1
2026-08-30,Ian Happ,CHC,824636,Chase Burns,5,card,17.9,15.7,13.1,+457,400,-34.3,park avg,75F · wind out 8,SvR +8%,,no,0
2026-08-30,Coby Mayo,BAL,824959,Jeffrey Springs,4,card,17.6,24.0,,+467,,,park +6% [low-conf],88F,RvL +12%,heat -1%,hr,1
2026-08-30,Christian Encarnacion-Strand,BAL,824959,Jeffrey Springs,5,card,17.3,23.3,,+479,,,park +6% [low-conf],88F,RvL +12%,heat -2%,no,0
2026-08-30,Alex Bregman,CHC,824636,Chase Burns,4,card,17.1,13.5,10.7,+485,425,-43.7,park avg,75F · wind out 8,RvR -3%,,no,0
2026-08-30,Shohei Ohtani,LAD,824232,Framber Valdez,1,card,16.7,22.3,,+498,,,park -5%,71F · wind in 4,LvL -22%,heat +4%,no,0
2026-08-30,Jake Bauers,MIL,823740,Kumar Rocker,3,card,16.6,22.1,,+503,,,park +9%,79F · wind out 3 (roof: half),LvR +8%,heat -6%,no,0
2026-08-30,Paul Goldschmidt,NYY,823502,Ranger Suarez,1,card,16.6,22.0,,+504,,,park +14%,80F · wind out 5,RvL +12%,heat -4%,hr,1
2026-08-30,Oneil Cruz,PIT,823010,Matthew Liberatore,2,card,16.5,21.8,,+507,,,park -7%,93F,LvL -22%,heat -0%,no,0
2026-08-30,Rafael Flores,PIT,823010,Matthew Liberatore,4,card,16.5,21.8,,+508,,,park -7%,93F,RvL +12%,heat +1%,no,0
2026-08-30,Miguel Vargas,CHW,823662,Zebby Matthews,3,card,16.1,21.1,,+522,,,park -2%,85F · wind in 5,RvR -3%,heat +3%,no,0
2026-08-30,Wilyer Abreu,BOS,823502,Will Warren,3,card,15.8,20.6,,+533,,,park +14%,80F · wind out 5,LvR +8%,heat -4%,no,0
2026-08-31,Pete Alonso,BAL,824314,Tanner Gordon,2,card,26.0,27.6,19.6,+285,245,-32.4,park +9%,86F,RvR -3%,heat +9%,no,0
2026-08-31,Yordan Alvarez,HOU,824149,Anthony Kay,2,card,24.6,26.0,18.7,+307,265,-31.6,park +3%,86F (roof: half),LvL -22%,heat +9%,no,0
2026-08-31,Kyle Schwarber,PHI,825040,Brandon Pfaadt,1,card,23.6,30.6,21.2,+324,280,-19.5,park +4%,88F · wind out 4 (roof: half),LvR +8%,heat -3%,no,0
2026-08-31,Hunter Goodman,COL,824314,Cade Povich,3,card,23.0,29.7,20.7,+335,290,-19.1,park +9%,86F,RvL +12%,heat +17%,no,0
2026-08-31,Pete Crow-Armstrong,CHC,824635,Kyle Harrison,1,card,21.4,25.9,18.6,+368,320,-21.7,park avg,80F · wind out 5,LvL -22%,heat +4%,no,0
2026-08-31,Corey Seager,TEX,822855,Gage Jump,2,card,20.9,19.3,15.1,+379,330,-35.0,park +2%,98F · wind in 5 (roof: half),LvL -22%,heat +4%,no,0
2026-08-31,Munetaka Murakami,CHW,824149,Peter Lambert,2,card,20.9,26.7,19.1,+379,330,-17.8,park +3%,86F (roof: half),LvR +8%,heat +0%,no,0
2026-08-31,Coby Mayo,BAL,824314,Tanner Gordon,4,card,19.5,22.3,16.7,+413,360,-23.1,park +9%,86F,RvR -3%,heat +7%,no,0
2026-08-31,Miguel Vargas,CHW,824149,Peter Lambert,3,card,19.1,20.1,15.5,+424,370,-27.0,park +3%,86F (roof: half),RvR -3%,heat -0%,no,0
2026-08-31,Samuel Basallo,BAL,824314,Tanner Gordon,6,card,19.1,19.7,15.3,+424,370,-27.9,park +9%,86F,LvR +8%,heat +13%,no,0
2026-08-31,Colson Montgomery,CHW,824149,Peter Lambert,6,card,18.3,17.3,14.0,+446,390,-31.3,park +3%,86F (roof: half),LvR +8%,heat -2%,hr,1
2026-08-31,Turner Hill,SFG,824911,Bryce Elder,1,card,18.1,24.8,,+453,,,park +4%,88F,LvR +8%,,no,0
2026-08-31,Ben Rice,NYY,823982,Walbert Ureña *,1,card,17.9,29.8,20.8,+457,400,3.9,park +4%,81F · wind out 6,LvR +8%,heat -5%,no,0
2026-08-31,Seiya Suzuki,CHC,824635,Kyle Harrison,2,card,17.9,20.5,15.8,+457,400,-21.2,park avg,80F · wind out 5,RvL +12%,heat +4%,hr,1
2026-08-31,Rafael Devers,SFG,824911,Bryce Elder,2,card,17.3,23.4,,+478,,,park +4%,88F,LvR +8%,heat -1%,hr,1
2026-08-31,Jake Burger,TEX,822855,Gage Jump,5,card,17.2,17.8,14.3,+480,420,-25.7,park +2%,98F · wind in 5 (roof: half),RvL +12%,heat +14%,no,0
2026-08-31,Christian Walker,HOU,824149,Anthony Kay,4,card,17.1,18.2,14.5,+485,425,-23.8,park +3%,86F (roof: half),RvL +12%,heat -1%,no,0
2026-08-31,Gunnar Henderson,BAL,824314,Tanner Gordon,3,card,17.1,19.2,15.0,+485,425,-21.1,park +9%,86F,LvR +8%,heat +12%,no,0
2026-08-31,Ketel Marte,ARI,825040,Aaron Nola,4,card,17.1,19.6,15.3,+485,425,-19.7,park +4%,88F · wind out 4 (roof: half),SvR +8%,heat -4%,void,
2026-08-31,Michael Busch,CHC,824635,Kyle Harrison,6,card,16.9,10.7,9.3,+491,430,-50.5,park avg,80F · wind out 5,LvL -22%,,no,0
2026-08-31,Mike Trout,LAA,823982,Elmer Rodríguez *,2,card,16.9,20.5,15.8,+491,430,-16.4,park +4%,81F · wind out 6,RvR -3%,heat +6%,no,0
2026-08-31,Nelson Velázquez,HOU,824149,Anthony Kay,7,card,16.3,14.8,12.2,+513,450,-33.0,park +3%,86F (roof: half),RvL +12%,,hr,1
2026-08-31,Colton Cowser,BAL,824314,Tanner Gordon,8,card,16.0,14.2,11.5,+524,460,-35.4,park +9%,86F,LvR +8%,,no,0
2026-08-31,Kody Clemens,MIN,823663,Jackson Jobe,3,card,16.0,21.0,16.0,+524,460,-10.3,park -2%,86F · wind out 3,LvR +8%,heat -3%,hr,1
2026-08-31,Trent Grisham,NYY,823982,Walbert Ureña *,5,card,15.6,16.2,13.4,+541,475,-22.7,park +4%,81F · wind out 6,LvR +8%,heat -12%,no,0
2026-08-31,Max Muncy,ATH,822855,Jacob deGrom,6,card,15.4,19.9,,+548,,,park +2%,98F · wind in 5 (roof: half),LvR +8%,,no,0
2026-08-31,Bryce Harper,PHI,825040,Brandon Pfaadt,3,card,14.9,20.3,15.6,+569,500,-6.2,park +4%,88F · wind out 4 (roof: half),LvR +8%,heat +3%,no,0
2026-08-31,Carson Kelly,CHC,824635,Kyle Harrison,7,card,14.9,9.5,8.3,+569,500,-50.4,park avg,80F · wind out 5,RvL +12%,,hr,1
2026-08-31,Corbin Carroll,ARI,825040,Aaron Nola,2,card,14.9,20.0,15.5,+569,500,-7.1,park +4%,88F · wind out 4 (roof: half),LvR +8%,heat -7%,void,
2026-08-31,Isaac Paredes,HOU,824149,Anthony Kay,3,card,14.9,14.8,12.2,+569,500,-27.1,park +3%,86F (roof: half),RvL +12%,,no,0
2026-09-01,Shohei Ohtani,LAD,823908,Michael McGreevy,1,card,26.0,28.2,19.9,+285,245,-31.4,park +5%,81F · wind out 6,LvR +8%,heat -4%,no,0
2026-09-01,Junior Caminero,TBR,822929,Sean Manaea,3,card,24.9,27.6,19.6,+301,260,-29.5,park -4% [low-conf],dome,RvL +12%,heat +18%,no,0
2026-09-01,Pete Alonso,BAL,824313,Gabriel Hughes,2,proj,24.6,24.4,17.8,+307,265,-34.9,park +9%,87F · wind in 5,RvR -3%,,no,0
2026-09-01,Matt Olson,ATL,822687,Jake Irvin,3,card,24.2,30.6,21.2,+313,270,-21.6,park avg,94F · wind out 5,LvR +8%,heat +10%,no,0
2026-09-01,Fernando Tatis Jr.,SDP,824472,Nick Lodolo,1,card,23.6,23.1,17.2,+324,280,-34.8,park +25%,94F,RvL +12%,heat +3%,hr,2
2026-09-01,Yordan Alvarez,HOU,824148,Sean Burke,2,card,23.3,27.9,19.8,+329,285,-23.9,park +3%,84F (roof: half),LvR +8%,heat +6%,no,0
2026-09-01,Kyle Stowers,MIA,824070,Randy Dobnak,1,card,23.0,22.7,17.0,+335,290,-33.8,park -4% [low-conf],99F · wind out 8,LvR +8%,heat -5%,hr,1
2026-09-01,Pete Crow-Armstrong,CHC,824633,Robert Gasser,1,card,23.0,26.0,18.7,+335,290,-27.0,park avg,83F,LvL -22%,heat +6%,no,0
2026-09-01,Jordan Walker,STL,823908,Eric Lauer,3,card,22.7,23.7,17.5,+340,295,-30.9,park +5%,81F · wind out 6,RvL +12%,heat +2%,hr,1
2026-09-01,Hunter Goodman,COL,824313,Kyle Bradish,3,card,22.1,26.4,18.9,+352,305,-23.4,park +9%,87F · wind in 5,RvR -3%,heat -3%,no,0
2026-09-01,Munetaka Murakami,CHW,824148,Ronel Blanco,2,card,21.9,28.2,19.9,+357,310,-18.3,park +3%,84F (roof: half),LvR +8%,,no,0
2026-09-01,Coby Mayo,BAL,824313,Gabriel Hughes,4,proj,21.4,19.6,15.3,+368,320,-35.9,park +9%,87F · wind in 5,RvR -3%,,void,
2026-09-01,Manny Machado,SDP,824472,Nick Lodolo,3,card,21.4,23.2,17.2,+368,320,-27.8,park +25%,94F,RvL +12%,heat -0%,no,0
2026-09-01,Seiya Suzuki,CHC,824633,Robert Gasser,2,card,21.4,21.2,16.1,+368,320,-32.2,park avg,83F,RvL +12%,heat +11%,no,0
2026-09-01,Jackson Chourio,MIL,824633,Matthew Boyd,1,card,20.6,24.1,17.7,+385,335,-23.1,park avg,83F,RvL +12%,heat +4%,no,0
2026-09-01,Ben Rice,NYY,823984,Grayson Rodriguez,1,card,20.4,30.2,21.0,+391,340,-7.8,park +4%,82F · wind out 6,LvR +8%,heat +7%,no,0
2026-09-01,Elly De La Cruz,CIN,824472,Randy Vásquez *,2,card,20.4,22.2,16.7,+391,340,-26.6,park +25%,94F,SvR +8%,heat +6%,no,0
2026-09-01,Colson Montgomery,CHW,824148,Ronel Blanco,5,card,19.9,20.3,15.6,+402,350,-29.6,park +3%,84F (roof: half),LvR +8%,,no,0
2026-09-01,Heriberto Hernández,MIA,824070,Randy Dobnak,3,card,19.9,24.3,17.8,+402,350,-19.9,park -4% [low-conf],99F · wind out 8,RvR -3%,heat -10%,no,0
2026-09-01,Rafael Devers,SFG,823340,Paul Skenes,2,card,19.9,21.0,16.0,+402,350,-27.8,park -9%,87F · wind out 6,LvR +8%,heat -2%,hr,1
2026-09-01,Ronald Acuña Jr.,ATL,822687,Jake Irvin,2,card,19.9,22.3,16.7,+402,350,-24.7,park avg,94F · wind out 5,RvR -3%,heat +5%,no,0
2026-09-01,Samuel Basallo,BAL,824313,Gabriel Hughes,5,proj,19.9,18.6,14.7,+402,350,-33.8,park +9%,87F · wind in 5,LvR +8%,heat +9%,no,0
2026-09-01,Juan Soto,NYM,822929,Freddy Peralta,2,card,19.5,26.1,18.8,+413,360,-13.6,park -4% [low-conf],dome,LvR +8%,heat +4%,no,0
2026-09-01,Corey Seager,TEX,822854,Brady Basso,2,card,19.1,19.5,15.2,+424,370,-28.5,park +2%,98F · wind in 7 (roof: half),LvL -22%,heat +12%,no,0
2026-09-01,Drake Baldwin,ATL,822687,Jake Irvin,1,card,19.1,28.0,19.8,+424,370,-6.9,park avg,94F · wind out 5,LvR +8%,heat +7%,no,0
2026-09-01,Jac Caglianone,KCR,824070,Tyler Phillips,3,card,19.1,22.5,16.8,+424,370,-20.9,park -4% [low-conf],99F · wind out 8,LvR +8%,heat -7%,no,0
2026-09-01,Kyle Schwarber,PHI,825038,Eduardo Rodriguez *,1,card,19.1,28.3,20.0,+424,370,-6.1,park +4%,98F (roof: half),LvL -22%,heat +3%,no,0
2026-09-01,Luis García Jr.,NYY,823984,Grayson Rodriguez,3,card,19.1,20.4,15.7,+424,370,-26.3,park +4%,82F · wind out 6,LvR +8%,heat +2%,no,0
2026-09-01,Miguel Vargas,CHW,824148,Ronel Blanco,3,card,19.1,21.3,16.2,+424,370,-23.9,park +3%,84F (roof: half),RvR -3%,heat +2%,no,0
2026-09-01,Sal Stewart,CIN,824472,Randy Vásquez *,3,card,19.1,25.0,18.2,+424,370,-14.6,park +25%,94F,RvR -3%,heat +7%,no,0
2026-09-02,Fernando Tatis Jr.,SDP,824470,Brandon Williamson,1,card,17.1,23.3,17.3,+485,425,-9.4,park +25%,94F,RvL +12%,heat +4%,no,0
2026-09-02,Hunter Goodman,COL,824312,Trevor Rogers,3,card,19.9,27.4,19.5,+402,350,-12.3,park +9%,89F,RvL +12%,heat +16%,no,0
2026-09-02,James Wood,WSN,822686,Grant Holmes,1,card,18.8,26.2,,+431,,,park avg,80F · wind in 5,LvR +8%,heat -7%,no,0
2026-09-02,Matt Olson,ATL,822686,Brad Lord,3,card,18.7,26.0,,+434,,,park avg,80F · wind in 5,LvR +8%,heat +2%,no,0
2026-09-02,Sal Stewart,CIN,824470,Casey Mize,3,card,18.3,25.1,,+448,,,park +25%,96F · wind out 4,RvR -3%,heat -3%,no,0
2026-09-02,Pete Alonso,BAL,824312,Tomoyuki Sugano,2,card,17.9,28.3,20.0,+457,400,-0.1,park +9%,89F,RvR -3%,heat +4%,no,0
2026-09-02,Drake Baldwin,ATL,822686,Brad Lord,1,card,17.5,23.7,,+473,,,park avg,80F · wind in 5,LvR +8%,heat -0%,no,0
2026-09-02,Kyle Schwarber,PHI,825037,Taylor Clarke,1,card,17.2,30.7,21.2,+480,420,10.4,park +4%,100F (roof: half),LvR +8%,heat -1%,no,0
2026-09-02,Shohei Ohtani,LAD,823906,Brycen Mautz *,1,card,23.6,25.3,18.4,+324,280,-30.2,park +5%,82F · wind out 6,LvL -22%,,no,0
2026-09-02,Yordan Alvarez,HOU,824147,Davis Martin,2,card,23.0,27.7,19.7,+335,290,-23.3,park +3%,91F · wind out 4 (roof: half),LvR +8%,heat +10%,no,0
2026-09-02,Junior Caminero,TBR,822931,Justin Hagenman *,3,card,22.7,24.9,18.1,+340,295,-28.4,park -4% [low-conf],dome,RvR -3%,,no,0
2026-09-02,Pete Crow-Armstrong,CHC,824634,Jacob Misiorowski,1,card,22.1,27.7,19.6,+352,305,-20.6,park avg,94F · wind out 9,LvR +8%,heat +3%,no,0
2026-09-02,Max Muncy,LAD,823906,Brycen Mautz *,8,card,20.9,15.0,12.4,+379,330,-46.5,park +5%,82F · wind out 6,LvL -22%,,no,0
2026-09-02,Munetaka Murakami,CHW,824147,Hayden Wesneski,2,card,20.9,27.8,19.7,+379,330,-15.2,park +3%,91F · wind out 4 (roof: half),LvR +8%,,no,0
2026-09-02,Riley Greene,DET,823660,Dean Kremer,4,card,19.5,16.6,13.6,+413,360,-37.2,park -2%,87F,LvR +8%,heat -5%,no,0
2026-09-02,Jac Caglianone,KCR,824068,Eury Pérez *,3,card,19.1,22.5,16.8,+424,370,-20.9,park -4% [low-conf],99F · wind out 8,LvR +8%,heat -1%,no,0
2026-09-02,Heriberto Hernández,MIA,824068,Noah Cameron,1,card,18.9,29.7,20.7,+430,375,-1.6,park -4% [low-conf],99F · wind out 8,RvL +12%,heat +6%,no,0
2026-09-02,Rafael Devers,SFG,823339,Bubba Chandler,2,card,18.7,21.8,16.4,+435,380,-21.0,park -9%,91F · wind out 4,LvR +8%,heat +5%,hr,1
2026-09-02,Jackson Chourio,MIL,824634,David Peterson,1,card,18.3,24.0,17.6,+446,390,-13.6,park avg,94F · wind out 9,RvL +12%,heat -1%,hr,1
2026-09-02,Colson Montgomery,CHW,824147,Hayden Wesneski,6,card,17.9,18.6,14.7,+457,400,-26.4,park +3%,91F · wind out 4 (roof: half),LvR +8%,,no,0
2026-09-02,Gary Sánchez,MIL,824634,David Peterson,7,card,17.9,15.2,12.6,+457,400,-36.9,park avg,94F · wind out 9,RvL +12%,,no,0
2026-09-02,Kyle Stowers,MIA,824068,Noah Cameron,3,card,17.9,19.3,15.1,+457,400,-24.4,park -4% [low-conf],99F · wind out 8,LvL -22%,heat +6%,hr,1
2026-09-02,Leo Bernal,STL,823906,Yoshinobu Yamamoto,5,card,17.9,24.5,,+458,,,park +5%,82F · wind out 6,SvR +8%,,hr,1
2026-09-02,Miguel Vargas,CHW,824147,Hayden Wesneski,3,card,17.9,21.0,16.0,+457,400,-19.9,park +3%,91F · wind out 4 (roof: half),RvR -3%,heat +1%,no,0
2026-09-02,Seiya Suzuki,CHC,824634,Jacob Misiorowski,2,card,17.9,20.2,15.6,+457,400,-22.1,park avg,94F · wind out 9,RvR -3%,heat -2%,no,0
2026-09-02,Bobby Witt Jr.,KCR,824068,Eury Pérez *,2,card,17.6,18.0,14.4,+469,410,-26.4,park -4% [low-conf],99F · wind out 8,RvR -3%,heat -4%,no,0
2026-09-02,Ben Rice,NYY,823983,Reid Detmers,4,card,17.1,22.0,16.6,+485,425,-13.0,park +4%,81F · wind out 6,LvL -22%,heat +12%,no,0
2026-09-02,Brewer Hicklen,ATL,822686,Brad Lord,5,card,17.0,22.7,,+490,,,park avg,78F,RvR -3%,,no,0
2026-09-02,Bryce Eldridge,SFG,823339,Bubba Chandler,3,card,16.9,17.4,14.1,+491,430,-25.2,park -9%,91F · wind out 4,LvR +8%,heat +8%,no,0
2026-09-02,Juan Soto,NYM,822931,Griffin Jax,2,card,16.9,25.6,18.5,+491,430,-1.8,park -4% [low-conf],dome,LvR +8%,heat +1%,hr,1
2026-09-02,Kody Clemens,MIN,823660,Drew Anderson,3,card,16.9,22.0,16.6,+491,430,-12.2,park -2%,87F,LvR +8%,heat +0%,no,0
2026-09-02,Salvador Perez,KCR,824068,Eury Pérez *,4,card,16.9,16.0,13.3,+491,430,-29.5,park -4% [low-conf],99F · wind out 8,RvR -3%,,hr,1
