{
 "ran": "2026-07-23T15:28+00:00",
 "rows": 25475,
 "train": 23310,
 "holdout": 2165,
 "brier_current": 0.116862,
 "brier_candidate": 0.116753,
 "verdict": "APPLY",
 "candidate": [
  [
   0.0,
   0.0
  ],
  [
   5.4,
   6.6
  ],
  [
   7.2,
   7.6
  ],
  [
   8.5,
   8.5
  ],
  [
   10.3,
   10.5
  ],
  [
   12.7,
   11.0
  ],
  [
   15.3,
   14.4
  ],
  [
   21.2,
   18.4
  ]
 ],
 "current": [
  [
   0.0,
   0.0
  ],
  [
   8.4,
   8.8
  ],
  [
   13.7,
   12.3
  ],
  [
   17.7,
   16.0
  ],
  [
   22.0,
   20.1
  ],
  [
   28.3,
   22.2
  ],
  [
   40.0,
   30.5
  ]
 ]
}